-- MariaDB dump 10.19  Distrib 10.4.32-MariaDB, for Win64 (AMD64)
--
-- Host: localhost    Database: mydb
-- ------------------------------------------------------
-- Server version	10.4.32-MariaDB

/*!40101 SET @OLD_CHARACTER_SET_CLIENT=@@CHARACTER_SET_CLIENT */;
/*!40101 SET @OLD_CHARACTER_SET_RESULTS=@@CHARACTER_SET_RESULTS */;
/*!40101 SET @OLD_COLLATION_CONNECTION=@@COLLATION_CONNECTION */;
/*!40101 SET NAMES utf8mb4 */;
/*!40103 SET @OLD_TIME_ZONE=@@TIME_ZONE */;
/*!40103 SET TIME_ZONE='+00:00' */;
/*!40014 SET @OLD_UNIQUE_CHECKS=@@UNIQUE_CHECKS, UNIQUE_CHECKS=0 */;
/*!40014 SET @OLD_FOREIGN_KEY_CHECKS=@@FOREIGN_KEY_CHECKS, FOREIGN_KEY_CHECKS=0 */;
/*!40101 SET @OLD_SQL_MODE=@@SQL_MODE, SQL_MODE='NO_AUTO_VALUE_ON_ZERO' */;
/*!40111 SET @OLD_SQL_NOTES=@@SQL_NOTES, SQL_NOTES=0 */;

--
-- Table structure for table `bildungsbeteiligung`
--

DROP TABLE IF EXISTS `bildungsbeteiligung`;
/*!40101 SET @saved_cs_client     = @@character_set_client */;
/*!40101 SET character_set_client = utf8 */;
CREATE TABLE `bildungsbeteiligung` (
  `Land_ID` int(11) NOT NULL,
  `Jahr` int(11) NOT NULL,
  `Schulbesuchsquote_15_19` float DEFAULT NULL,
  `Schulbesuchsquote_20_24` float DEFAULT NULL,
  PRIMARY KEY (`Land_ID`,`Jahr`),
  CONSTRAINT `bildungsbeteiligung_ibfk_1` FOREIGN KEY (`Land_ID`) REFERENCES `laender` (`Land_ID`)
) ENGINE=InnoDB DEFAULT CHARSET=utf8 COLLATE=utf8_general_ci;
/*!40101 SET character_set_client = @saved_cs_client */;

--
-- Dumping data for table `bildungsbeteiligung`
--

LOCK TABLES `bildungsbeteiligung` WRITE;
/*!40000 ALTER TABLE `bildungsbeteiligung` DISABLE KEYS */;
INSERT INTO `bildungsbeteiligung` VALUES (1,2018,78.8,35),(2,2018,86.3,53.1),(3,2018,87,38.2),(4,2018,86.4,49.3),(5,2018,85.3,37.4),(6,2018,92.5,53.3),(7,2018,89.7,45.3),(8,2018,84.9,40.1),(9,2018,83.3,31.5),(10,2018,83.7,36.3);
/*!40000 ALTER TABLE `bildungsbeteiligung` ENABLE KEYS */;
UNLOCK TABLES;

--
-- Table structure for table `erwerbseinkommen`
--

DROP TABLE IF EXISTS `erwerbseinkommen`;
/*!40101 SET @saved_cs_client     = @@character_set_client */;
/*!40101 SET character_set_client = utf8 */;
CREATE TABLE `erwerbseinkommen` (
  `Land_ID` int(11) NOT NULL,
  `Jahr` int(11) NOT NULL,
  `Erwerbseinkommen_Frauen` float DEFAULT NULL,
  PRIMARY KEY (`Land_ID`,`Jahr`),
  CONSTRAINT `erwerbseinkommen_ibfk_1` FOREIGN KEY (`Land_ID`) REFERENCES `laender` (`Land_ID`)
) ENGINE=InnoDB DEFAULT CHARSET=utf8 COLLATE=utf8_general_ci;
/*!40101 SET character_set_client = @saved_cs_client */;

--
-- Dumping data for table `erwerbseinkommen`
--

LOCK TABLES `erwerbseinkommen` WRITE;
/*!40000 ALTER TABLE `erwerbseinkommen` DISABLE KEYS */;
INSERT INTO `erwerbseinkommen` VALUES (1,2018,71.7),(2,2018,75.8),(3,2018,72.3),(4,2018,74.2),(5,2018,68.3),(6,2018,77.2),(7,2018,78.5),(8,2018,78.9),(9,2018,77.1),(10,2018,71.5);
/*!40000 ALTER TABLE `erwerbseinkommen` ENABLE KEYS */;
UNLOCK TABLES;

--
-- Table structure for table `hoechste_ausbildung`
--

DROP TABLE IF EXISTS `hoechste_ausbildung`;
/*!40101 SET @saved_cs_client     = @@character_set_client */;
/*!40101 SET character_set_client = utf8 */;
CREATE TABLE `hoechste_ausbildung` (
  `Land_ID` int(11) NOT NULL,
  `Jahr` int(11) NOT NULL,
  `Oblig_Schule` float DEFAULT NULL,
  `Sekundarstufe_II` float DEFAULT NULL,
  `Teritaerstufe` float DEFAULT NULL,
  PRIMARY KEY (`Land_ID`,`Jahr`),
  CONSTRAINT `hoechste_ausbildung_ibfk_1` FOREIGN KEY (`Land_ID`) REFERENCES `laender` (`Land_ID`)
) ENGINE=InnoDB DEFAULT CHARSET=utf8 COLLATE=utf8_general_ci;
/*!40101 SET character_set_client = @saved_cs_client */;

--
-- Dumping data for table `hoechste_ausbildung`
--

LOCK TABLES `hoechste_ausbildung` WRITE;
/*!40000 ALTER TABLE `hoechste_ausbildung` DISABLE KEYS */;
INSERT INTO `hoechste_ausbildung` VALUES (1,2018,11.1,48.4,40.5),(2,2018,17.4,37.8,44.8),(3,2018,13,40.1,46.9),(4,2018,13,54.7,32.3),(5,2018,24.1,48.1,27.7),(6,2018,12.9,39.5,47.6),(7,2018,17.3,35.2,47.5),(8,2018,7.1,41.7,51.2),(9,2018,15.1,34.2,50.8),(10,2018,7.6,43.1,49.4);
/*!40000 ALTER TABLE `hoechste_ausbildung` ENABLE KEYS */;
UNLOCK TABLES;

--
-- Table structure for table `laender`
--

DROP TABLE IF EXISTS `laender`;
/*!40101 SET @saved_cs_client     = @@character_set_client */;
/*!40101 SET character_set_client = utf8 */;
CREATE TABLE `laender` (
  `Land_ID` int(11) NOT NULL AUTO_INCREMENT,
  `Land` varchar(50) NOT NULL,
  PRIMARY KEY (`Land_ID`)
) ENGINE=InnoDB AUTO_INCREMENT=16 DEFAULT CHARSET=utf8 COLLATE=utf8_general_ci;
/*!40101 SET character_set_client = @saved_cs_client */;

--
-- Dumping data for table `laender`
--

LOCK TABLES `laender` WRITE;
/*!40000 ALTER TABLE `laender` DISABLE KEYS */;
INSERT INTO `laender` VALUES (1,'Österreich'),(2,'Dänemark'),(3,'Frankreich'),(4,'Deutschland'),(5,'Italien'),(6,'Niederlände'),(7,'Schweden'),(8,'Schweiz'),(9,'Vereinigtes Königreich'),(10,'USA');
/*!40000 ALTER TABLE `laender` ENABLE KEYS */;
UNLOCK TABLES;

--
-- Table structure for table `steuerdaten`
--

DROP TABLE IF EXISTS `steuerdaten`;
/*!40101 SET @saved_cs_client     = @@character_set_client */;
/*!40101 SET character_set_client = utf8 */;
CREATE TABLE `steuerdaten` (
  `stichtag_jahr` int(11) NOT NULL,
  `quartal_sort` int(11) NOT NULL,
  `tarif_code` varchar(5) NOT NULL,
  `quartal_code` varchar(5) DEFAULT NULL,
  `quartal_lang` varchar(20) DEFAULT NULL,
  `tarif_sort` int(11) DEFAULT NULL,
  `tarif_lang` varchar(50) DEFAULT NULL,
  `einkommen_p25` float DEFAULT NULL,
  `einkommen_p50` float DEFAULT NULL,
  `einkommen_p75` float DEFAULT NULL,
  PRIMARY KEY (`stichtag_jahr`,`quartal_sort`,`tarif_code`)
) ENGINE=InnoDB DEFAULT CHARSET=utf8 COLLATE=utf8_general_ci;
/*!40101 SET character_set_client = @saved_cs_client */;

--
-- Dumping data for table `steuerdaten`
--

LOCK TABLES `steuerdaten` WRITE;
/*!40000 ALTER TABLE `steuerdaten` DISABLE KEYS */;
INSERT INTO `steuerdaten` VALUES (1999,11,'0','11','Rathaus',0,'Grundtarif',18.7,39.9,65.2),(1999,11,'1','11','Rathaus',1,'Verheiratetentarif',48.1,80.4,128),(1999,11,'2','11','Rathaus',2,'Einelternfamilientarif',25,44.6,87.5),(1999,12,'0','12','Hochschulen',0,'Grundtarif',12.4,31.05,55.2),(1999,12,'1','12','Hochschulen',1,'Verheiratetentarif',52,89.2,178.7),(1999,12,'2','12','Hochschulen',2,'Einelternfamilientarif',0,0,0),(1999,13,'0','13','Lindenhof',0,'Grundtarif',20,43.7,76),(1999,13,'1','13','Lindenhof',1,'Verheiratetentarif',72.3,106.7,162),(1999,13,'2','13','Lindenhof',2,'Einelternfamilientarif',0,0,0),(1999,14,'0','14','City',0,'Grundtarif',13.9,31.3,61.4),(1999,14,'1','14','City',1,'Verheiratetentarif',43.3,69.8,95),(1999,14,'2','14','City',2,'Einelternfamilientarif',0,0,0),(1999,21,'0','21','Wollishofen',0,'Grundtarif',19.8,36.85,55.4),(1999,21,'1','21','Wollishofen',1,'Verheiratetentarif',48.4,67.8,94.95),(1999,21,'2','21','Wollishofen',2,'Einelternfamilientarif',21.75,38.6,57.75),(1999,23,'0','23','Leimbach',0,'Grundtarif',19.1,33.3,50.55),(1999,23,'1','23','Leimbach',1,'Verheiratetentarif',47.55,66.2,91.4),(1999,23,'2','23','Leimbach',2,'Einelternfamilientarif',24.65,41.7,57.2),(1999,24,'0','24','Enge',0,'Grundtarif',20.5,43.4,67.7),(1999,24,'1','24','Enge',1,'Verheiratetentarif',53,80.6,131.4),(1999,24,'2','24','Enge',2,'Einelternfamilientarif',20.1,39.7,72),(1999,31,'0','31','Alt-Wiedikon',0,'Grundtarif',20.4,36.8,55),(1999,31,'1','31','Alt-Wiedikon',1,'Verheiratetentarif',40,62.1,90),(1999,31,'2','31','Alt-Wiedikon',2,'Einelternfamilientarif',22.9,35.6,50),(1999,33,'0','33','Friesenberg',0,'Grundtarif',12.2,26.5,43.4),(1999,33,'1','33','Friesenberg',1,'Verheiratetentarif',46.1,61.5,79.9),(1999,33,'2','33','Friesenberg',2,'Einelternfamilientarif',19.55,35.15,46.75),(1999,34,'0','34','Sihlfeld',0,'Grundtarif',17.4,32.3,49.25),(1999,34,'1','34','Sihlfeld',1,'Verheiratetentarif',37,55.1,74.2),(1999,34,'2','34','Sihlfeld',2,'Einelternfamilientarif',15.1,30.4,43.4),(1999,41,'0','41','Werd',0,'Grundtarif',15.7,33.3,53.1),(1999,41,'1','41','Werd',1,'Verheiratetentarif',34,54.4,76.4),(1999,41,'2','41','Werd',2,'Einelternfamilientarif',9.8,30.9,55.35),(1999,42,'0','42','Langstrasse',0,'Grundtarif',13.8,29.4,48.1),(1999,42,'1','42','Langstrasse',1,'Verheiratetentarif',33.4,51.45,73.1),(1999,42,'2','42','Langstrasse',2,'Einelternfamilientarif',15.8,30.05,46),(1999,44,'0','44','Hard',0,'Grundtarif',15,27.2,41.85),(1999,44,'1','44','Hard',1,'Verheiratetentarif',35.8,51.5,69),(1999,44,'2','44','Hard',2,'Einelternfamilientarif',13.7,30.1,42.6),(1999,51,'0','51','Gewerbeschule',0,'Grundtarif',16.1,32.1,48.7),(1999,51,'1','51','Gewerbeschule',1,'Verheiratetentarif',37.7,54,72.9),(1999,51,'2','51','Gewerbeschule',2,'Einelternfamilientarif',16.7,30.25,46),(1999,52,'0','52','Escher Wyss',0,'Grundtarif',18.2,35.5,56.8),(1999,52,'1','52','Escher Wyss',1,'Verheiratetentarif',34.9,55.45,77.9),(1999,52,'2','52','Escher Wyss',2,'Einelternfamilientarif',18.65,39.85,70.6),(1999,61,'0','61','Unterstrass',0,'Grundtarif',19.5,36.8,56.8),(1999,61,'1','61','Unterstrass',1,'Verheiratetentarif',45.6,63.8,89.85),(1999,61,'2','61','Unterstrass',2,'Einelternfamilientarif',19.9,34.2,50),(1999,63,'0','63','Oberstrass',0,'Grundtarif',19.6,41.55,66.5),(1999,63,'1','63','Oberstrass',1,'Verheiratetentarif',58.7,91,149),(1999,63,'2','63','Oberstrass',2,'Einelternfamilientarif',30.4,49,93.3),(1999,71,'0','71','Fluntern',0,'Grundtarif',17.1,46.4,77.6),(1999,71,'1','71','Fluntern',1,'Verheiratetentarif',70.4,113.3,199.8),(1999,71,'2','71','Fluntern',2,'Einelternfamilientarif',31.2,50.3,89.1),(1999,72,'0','72','Hottingen',0,'Grundtarif',18.2,41.1,66.1),(1999,72,'1','72','Hottingen',1,'Verheiratetentarif',58.35,93.8,153.55),(1999,72,'2','72','Hottingen',2,'Einelternfamilientarif',20.9,46.1,74.9),(1999,73,'0','73','Hirslanden',0,'Grundtarif',18.1,38.9,61),(1999,73,'1','73','Hirslanden',1,'Verheiratetentarif',50.1,79.5,135.6),(1999,73,'2','73','Hirslanden',2,'Einelternfamilientarif',27.3,44.6,67),(1999,74,'0','74','Witikon',0,'Grundtarif',20,42.6,64.7),(1999,74,'1','74','Witikon',1,'Verheiratetentarif',57.3,85.2,129.1),(1999,74,'2','74','Witikon',2,'Einelternfamilientarif',26.5,43.7,70.7),(1999,81,'0','81','Seefeld',0,'Grundtarif',21.2,42.2,65.4),(1999,81,'1','81','Seefeld',1,'Verheiratetentarif',47,75.8,120.8),(1999,81,'2','81','Seefeld',2,'Einelternfamilientarif',19.5,36.5,55),(1999,82,'0','82','Mühlebach',0,'Grundtarif',20.3,40.2,62),(1999,82,'1','82','Mühlebach',1,'Verheiratetentarif',50.5,77.5,115.7),(1999,82,'2','82','Mühlebach',2,'Einelternfamilientarif',25.3,47.1,63.5),(1999,83,'0','83','Weinegg',0,'Grundtarif',17.5,40,60.9),(1999,83,'1','83','Weinegg',1,'Verheiratetentarif',55.4,78.75,127.4),(1999,83,'2','83','Weinegg',2,'Einelternfamilientarif',27.1,41.1,61.5),(1999,91,'0','91','Albisrieden',0,'Grundtarif',20,34.9,51),(1999,91,'1','91','Albisrieden',1,'Verheiratetentarif',45.6,61,83.9),(1999,91,'2','91','Albisrieden',2,'Einelternfamilientarif',20.8,35.6,49.5),(1999,92,'0','92','Altstetten',0,'Grundtarif',18.4,33.5,49.5),(1999,92,'1','92','Altstetten',1,'Verheiratetentarif',43.1,58.2,78.3),(1999,92,'2','92','Altstetten',2,'Einelternfamilientarif',16.4,32.5,45.9),(1999,101,'0','101','Höngg',0,'Grundtarif',21.6,42.1,61.9),(1999,101,'1','101','Höngg',1,'Verheiratetentarif',54.2,74.9,106.4),(1999,101,'2','101','Höngg',2,'Einelternfamilientarif',23.45,39.7,57.95),(1999,102,'0','102','Wipkingen',0,'Grundtarif',18.2,34.4,52.4),(1999,102,'1','102','Wipkingen',1,'Verheiratetentarif',41.9,59.4,81.9),(1999,102,'2','102','Wipkingen',2,'Einelternfamilientarif',18.7,35.3,49.3),(1999,111,'0','111','Affoltern',0,'Grundtarif',17.5,32.8,48.65),(1999,111,'1','111','Affoltern',1,'Verheiratetentarif',44.4,60.6,81.3),(1999,111,'2','111','Affoltern',2,'Einelternfamilientarif',19.2,33.55,47.4),(1999,115,'0','115','Oerlikon',0,'Grundtarif',20,37,53.95),(1999,115,'1','115','Oerlikon',1,'Verheiratetentarif',42.9,63.85,89.7),(1999,115,'2','115','Oerlikon',2,'Einelternfamilientarif',23.6,37.05,54.7),(1999,119,'0','119','Seebach',0,'Grundtarif',17.7,32,48.3),(1999,119,'1','119','Seebach',1,'Verheiratetentarif',40,56.7,77.7),(1999,119,'2','119','Seebach',2,'Einelternfamilientarif',16.3,32.1,46.4),(1999,121,'0','121','Saatlen',0,'Grundtarif',15,27.3,41.5),(1999,121,'1','121','Saatlen',1,'Verheiratetentarif',39.4,53.6,69.6),(1999,121,'2','121','Saatlen',2,'Einelternfamilientarif',14.15,28.3,42.25),(1999,122,'0','122','Schwamendingen-Mitte',0,'Grundtarif',17.5,30,45),(1999,122,'1','122','Schwamendingen-Mitte',1,'Verheiratetentarif',39.9,56.8,75.6),(1999,122,'2','122','Schwamendingen-Mitte',2,'Einelternfamilientarif',12.4,29.7,47.8),(1999,123,'0','123','Hirzenbach',0,'Grundtarif',14.9,26.6,42),(1999,123,'1','123','Hirzenbach',1,'Verheiratetentarif',40.4,55,70.9),(1999,123,'2','123','Hirzenbach',2,'Einelternfamilientarif',17.3,32.1,40.2),(2000,11,'0','11','Rathaus',0,'Grundtarif',19.4,42.8,70.4),(2000,11,'1','11','Rathaus',1,'Verheiratetentarif',51.8,85.45,131.6),(2000,11,'2','11','Rathaus',2,'Einelternfamilientarif',26.8,52.8,110.2),(2000,12,'0','12','Hochschulen',0,'Grundtarif',13.55,32.35,59.45),(2000,12,'1','12','Hochschulen',1,'Verheiratetentarif',53.35,96.65,188),(2000,12,'2','12','Hochschulen',2,'Einelternfamilientarif',0,0,0),(2000,13,'0','13','Lindenhof',0,'Grundtarif',21.9,45.2,77.4),(2000,13,'1','13','Lindenhof',1,'Verheiratetentarif',72.6,115.1,201.3),(2000,13,'2','13','Lindenhof',2,'Einelternfamilientarif',0,0,0),(2000,14,'0','14','City',0,'Grundtarif',13.6,37.25,68.2),(2000,14,'1','14','City',1,'Verheiratetentarif',50.4,75.9,102.1),(2000,14,'2','14','City',2,'Einelternfamilientarif',0,0,0),(2000,21,'0','21','Wollishofen',0,'Grundtarif',20,38,58.4),(2000,21,'1','21','Wollishofen',1,'Verheiratetentarif',51,69.8,100),(2000,21,'2','21','Wollishofen',2,'Einelternfamilientarif',23.1,38.3,57.8),(2000,23,'0','23','Leimbach',0,'Grundtarif',18.4,32.85,51.9),(2000,23,'1','23','Leimbach',1,'Verheiratetentarif',48.6,69.4,93.5),(2000,23,'2','23','Leimbach',2,'Einelternfamilientarif',25,41.5,59.3),(2000,24,'0','24','Enge',0,'Grundtarif',21.6,45.8,71.2),(2000,24,'1','24','Enge',1,'Verheiratetentarif',55.4,87.1,142.7),(2000,24,'2','24','Enge',2,'Einelternfamilientarif',20.5,44.95,75),(2000,31,'0','31','Alt-Wiedikon',0,'Grundtarif',21.1,38.9,57.4),(2000,31,'1','31','Alt-Wiedikon',1,'Verheiratetentarif',42.7,64.6,93),(2000,31,'2','31','Alt-Wiedikon',2,'Einelternfamilientarif',22.55,38.35,56.05),(2000,33,'0','33','Friesenberg',0,'Grundtarif',12.2,28,44.5),(2000,33,'1','33','Friesenberg',1,'Verheiratetentarif',47.3,63.4,82.3),(2000,33,'2','33','Friesenberg',2,'Einelternfamilientarif',20,36.4,49),(2000,34,'0','34','Sihlfeld',0,'Grundtarif',18.3,34.1,51.5),(2000,34,'1','34','Sihlfeld',1,'Verheiratetentarif',38.2,56.4,75.3),(2000,34,'2','34','Sihlfeld',2,'Einelternfamilientarif',14.8,30.7,44.1),(2000,41,'0','41','Werd',0,'Grundtarif',17,35.4,55.6),(2000,41,'1','41','Werd',1,'Verheiratetentarif',36,56.25,80.8),(2000,41,'2','41','Werd',2,'Einelternfamilientarif',17.7,30,48.9),(2000,42,'0','42','Langstrasse',0,'Grundtarif',15,31.4,50.3),(2000,42,'1','42','Langstrasse',1,'Verheiratetentarif',34.7,53,76),(2000,42,'2','42','Langstrasse',2,'Einelternfamilientarif',15,34.05,48),(2000,44,'0','44','Hard',0,'Grundtarif',15.6,28.1,43.2),(2000,44,'1','44','Hard',1,'Verheiratetentarif',37.4,53.4,70),(2000,44,'2','44','Hard',2,'Einelternfamilientarif',14.4,31.2,44.3),(2000,51,'0','51','Gewerbeschule',0,'Grundtarif',17.7,34.6,51.7),(2000,51,'1','51','Gewerbeschule',1,'Verheiratetentarif',40,55.95,75.8),(2000,51,'2','51','Gewerbeschule',2,'Einelternfamilientarif',21.45,33.75,45),(2000,52,'0','52','Escher Wyss',0,'Grundtarif',20.6,40.4,62.3),(2000,52,'1','52','Escher Wyss',1,'Verheiratetentarif',40.4,59.1,80.7),(2000,52,'2','52','Escher Wyss',2,'Einelternfamilientarif',15.3,34.45,50),(2000,61,'0','61','Unterstrass',0,'Grundtarif',20,38,58.5),(2000,61,'1','61','Unterstrass',1,'Verheiratetentarif',46.7,66.3,94.1),(2000,61,'2','61','Unterstrass',2,'Einelternfamilientarif',22.4,37.45,52.5),(2000,63,'0','63','Oberstrass',0,'Grundtarif',20.7,43.6,70.3),(2000,63,'1','63','Oberstrass',1,'Verheiratetentarif',65,97.2,161),(2000,63,'2','63','Oberstrass',2,'Einelternfamilientarif',28.35,51.05,95.6),(2000,71,'0','71','Fluntern',0,'Grundtarif',17.9,48.2,80),(2000,71,'1','71','Fluntern',1,'Verheiratetentarif',76.6,127.6,226.7),(2000,71,'2','71','Fluntern',2,'Einelternfamilientarif',32.3,55.85,103.3),(2000,72,'0','72','Hottingen',0,'Grundtarif',18.8,42.7,71.2),(2000,72,'1','72','Hottingen',1,'Verheiratetentarif',62.2,101.7,172.3),(2000,72,'2','72','Hottingen',2,'Einelternfamilientarif',29.5,53.7,90),(2000,73,'0','73','Hirslanden',0,'Grundtarif',19.4,40,63.9),(2000,73,'1','73','Hirslanden',1,'Verheiratetentarif',55.5,86.9,141.3),(2000,73,'2','73','Hirslanden',2,'Einelternfamilientarif',27.45,47.4,68.4),(2000,74,'0','74','Witikon',0,'Grundtarif',20.7,44.4,67.1),(2000,74,'1','74','Witikon',1,'Verheiratetentarif',57.7,88.4,140.9),(2000,74,'2','74','Witikon',2,'Einelternfamilientarif',29.75,47.4,68.9),(2000,81,'0','81','Seefeld',0,'Grundtarif',23.8,46.2,70.8),(2000,81,'1','81','Seefeld',1,'Verheiratetentarif',50.9,83,132.4),(2000,81,'2','81','Seefeld',2,'Einelternfamilientarif',19.65,44.2,63.9),(2000,82,'0','82','Mühlebach',0,'Grundtarif',21,43,66),(2000,82,'1','82','Mühlebach',1,'Verheiratetentarif',52.7,83.4,122),(2000,82,'2','82','Mühlebach',2,'Einelternfamilientarif',26,45.7,74.4),(2000,83,'0','83','Weinegg',0,'Grundtarif',20,41.95,63.6),(2000,83,'1','83','Weinegg',1,'Verheiratetentarif',60,84,134.4),(2000,83,'2','83','Weinegg',2,'Einelternfamilientarif',27.2,43.85,58.7),(2000,91,'0','91','Albisrieden',0,'Grundtarif',20.3,35.7,52.8),(2000,91,'1','91','Albisrieden',1,'Verheiratetentarif',46.6,63.4,88),(2000,91,'2','91','Albisrieden',2,'Einelternfamilientarif',23,36.1,50.9),(2000,92,'0','92','Altstetten',0,'Grundtarif',19.2,34.8,51.2),(2000,92,'1','92','Altstetten',1,'Verheiratetentarif',44.8,60.3,81.2),(2000,92,'2','92','Altstetten',2,'Einelternfamilientarif',15.1,32.8,46),(2000,101,'0','101','Höngg',0,'Grundtarif',22.5,43.4,64.4),(2000,101,'1','101','Höngg',1,'Verheiratetentarif',55.8,77.9,110.15),(2000,101,'2','101','Höngg',2,'Einelternfamilientarif',25,40.9,59),(2000,102,'0','102','Wipkingen',0,'Grundtarif',19.1,36.9,55.3),(2000,102,'1','102','Wipkingen',1,'Verheiratetentarif',44.1,62.1,86.1),(2000,102,'2','102','Wipkingen',2,'Einelternfamilientarif',21,37.8,53.45),(2000,111,'0','111','Affoltern',0,'Grundtarif',17.9,33.6,50),(2000,111,'1','111','Affoltern',1,'Verheiratetentarif',45.8,62.9,83.4),(2000,111,'2','111','Affoltern',2,'Einelternfamilientarif',22,34.8,49.5),(2000,115,'0','115','Oerlikon',0,'Grundtarif',20.3,38.3,56.2),(2000,115,'1','115','Oerlikon',1,'Verheiratetentarif',45.3,65.6,93.1),(2000,115,'2','115','Oerlikon',2,'Einelternfamilientarif',21.55,39.4,55.35),(2000,119,'0','119','Seebach',0,'Grundtarif',17.9,33.2,49.7),(2000,119,'1','119','Seebach',1,'Verheiratetentarif',41.6,58.6,79.8),(2000,119,'2','119','Seebach',2,'Einelternfamilientarif',18.25,34.25,47.85),(2000,121,'0','121','Saatlen',0,'Grundtarif',15.4,29,42.8),(2000,121,'1','121','Saatlen',1,'Verheiratetentarif',40.3,54.9,72.1),(2000,121,'2','121','Saatlen',2,'Einelternfamilientarif',17.8,29.6,44.1),(2000,122,'0','122','Schwamendingen-Mitte',0,'Grundtarif',18.1,31.6,46.9),(2000,122,'1','122','Schwamendingen-Mitte',1,'Verheiratetentarif',40.2,57.9,77),(2000,122,'2','122','Schwamendingen-Mitte',2,'Einelternfamilientarif',12.8,30,43.5),(2000,123,'0','123','Hirzenbach',0,'Grundtarif',15.3,28.1,42.5),(2000,123,'1','123','Hirzenbach',1,'Verheiratetentarif',41.5,56.3,73.1),(2000,123,'2','123','Hirzenbach',2,'Einelternfamilientarif',15.4,32.8,44.6),(2001,11,'0','11','Rathaus',0,'Grundtarif',19.45,45,72.75),(2001,11,'1','11','Rathaus',1,'Verheiratetentarif',52.2,93.3,141.7),(2001,11,'2','11','Rathaus',2,'Einelternfamilientarif',27.1,51.5,106.7),(2001,12,'0','12','Hochschulen',0,'Grundtarif',12.1,35.3,62.6),(2001,12,'1','12','Hochschulen',1,'Verheiratetentarif',47,99.65,191.3),(2001,12,'2','12','Hochschulen',2,'Einelternfamilientarif',0,0,0),(2001,13,'0','13','Lindenhof',0,'Grundtarif',21.5,48.45,85.3),(2001,13,'1','13','Lindenhof',1,'Verheiratetentarif',84.2,128.55,200.45),(2001,13,'2','13','Lindenhof',2,'Einelternfamilientarif',0,0,0),(2001,14,'0','14','City',0,'Grundtarif',14,35.55,64.3),(2001,14,'1','14','City',1,'Verheiratetentarif',47.4,76.95,104),(2001,14,'2','14','City',2,'Einelternfamilientarif',0,0,0),(2001,21,'0','21','Wollishofen',0,'Grundtarif',20.7,39.8,60.5),(2001,21,'1','21','Wollishofen',1,'Verheiratetentarif',52.8,73.4,105.9),(2001,21,'2','21','Wollishofen',2,'Einelternfamilientarif',25,40.4,59.48),(2001,23,'0','23','Leimbach',0,'Grundtarif',19.7,35,53.5),(2001,23,'1','23','Leimbach',1,'Verheiratetentarif',48.9,70.3,97.6),(2001,23,'2','23','Leimbach',2,'Einelternfamilientarif',31.9,46.9,62.5),(2001,24,'0','24','Enge',0,'Grundtarif',22.5,47.6,76.6),(2001,24,'1','24','Enge',1,'Verheiratetentarif',59.2,92.75,153.4),(2001,24,'2','24','Enge',2,'Einelternfamilientarif',20.9,45.2,84.8),(2001,31,'0','31','Alt-Wiedikon',0,'Grundtarif',21.9,39.8,60),(2001,31,'1','31','Alt-Wiedikon',1,'Verheiratetentarif',44.3,67.15,97.6),(2001,31,'2','31','Alt-Wiedikon',2,'Einelternfamilientarif',23.7,41.8,61.3),(2001,33,'0','33','Friesenberg',0,'Grundtarif',12.7,30,46.9),(2001,33,'1','33','Friesenberg',1,'Verheiratetentarif',49.1,64,85),(2001,33,'2','33','Friesenberg',2,'Einelternfamilientarif',20,37.45,52.1),(2001,34,'0','34','Sihlfeld',0,'Grundtarif',19.9,35.6,53.7),(2001,34,'1','34','Sihlfeld',1,'Verheiratetentarif',39.6,58.3,78.1),(2001,34,'2','34','Sihlfeld',2,'Einelternfamilientarif',16.2,31.8,46.1),(2001,41,'0','41','Werd',0,'Grundtarif',19.9,38.2,58.8),(2001,41,'1','41','Werd',1,'Verheiratetentarif',36.35,60.3,85.15),(2001,41,'2','41','Werd',2,'Einelternfamilientarif',12.5,32.9,59),(2001,42,'0','42','Langstrasse',0,'Grundtarif',16,32.9,53),(2001,42,'1','42','Langstrasse',1,'Verheiratetentarif',35,54.8,75.2),(2001,42,'2','42','Langstrasse',2,'Einelternfamilientarif',17.1,37.4,50.4),(2001,44,'0','44','Hard',0,'Grundtarif',16.9,30,45.75),(2001,44,'1','44','Hard',1,'Verheiratetentarif',38.9,55,70.9),(2001,44,'2','44','Hard',2,'Einelternfamilientarif',18.6,31.45,45.3),(2001,51,'0','51','Gewerbeschule',0,'Grundtarif',18.4,36,55),(2001,51,'1','51','Gewerbeschule',1,'Verheiratetentarif',41,57.4,77.6),(2001,51,'2','51','Gewerbeschule',2,'Einelternfamilientarif',20,33.9,47.25),(2001,52,'0','52','Escher Wyss',0,'Grundtarif',20.55,41.45,64),(2001,52,'1','52','Escher Wyss',1,'Verheiratetentarif',44,64.65,90.7),(2001,52,'2','52','Escher Wyss',2,'Einelternfamilientarif',23,44.55,66.7),(2001,61,'0','61','Unterstrass',0,'Grundtarif',20.75,39.9,61.7),(2001,61,'1','61','Unterstrass',1,'Verheiratetentarif',48.9,69.25,100),(2001,61,'2','61','Unterstrass',2,'Einelternfamilientarif',23.9,38.5,55.3),(2001,63,'0','63','Oberstrass',0,'Grundtarif',21,45.4,72.8),(2001,63,'1','63','Oberstrass',1,'Verheiratetentarif',66.2,102.9,172.25),(2001,63,'2','63','Oberstrass',2,'Einelternfamilientarif',29.85,54.2,90.4),(2001,71,'0','71','Fluntern',0,'Grundtarif',16.9,49,82.9),(2001,71,'1','71','Fluntern',1,'Verheiratetentarif',78.1,128.15,234.9),(2001,71,'2','71','Fluntern',2,'Einelternfamilientarif',33.6,61.1,108.1),(2001,72,'0','72','Hottingen',0,'Grundtarif',20,45.1,73),(2001,72,'1','72','Hottingen',1,'Verheiratetentarif',66.4,104.5,176),(2001,72,'2','72','Hottingen',2,'Einelternfamilientarif',27,50.7,93.5),(2001,73,'0','73','Hirslanden',0,'Grundtarif',20.2,41.7,66.6),(2001,73,'1','73','Hirslanden',1,'Verheiratetentarif',55.9,87,148.7),(2001,73,'2','73','Hirslanden',2,'Einelternfamilientarif',28.8,47.3,73.8),(2001,74,'0','74','Witikon',0,'Grundtarif',21.9,45.35,69.5),(2001,74,'1','74','Witikon',1,'Verheiratetentarif',60.1,92.25,141.9),(2001,74,'2','74','Witikon',2,'Einelternfamilientarif',34.1,52.8,75.6),(2001,81,'0','81','Seefeld',0,'Grundtarif',24.7,47.9,73.2),(2001,81,'1','81','Seefeld',1,'Verheiratetentarif',52.4,87.2,145.3),(2001,81,'2','81','Seefeld',2,'Einelternfamilientarif',28.1,48.2,80.9),(2001,82,'0','82','Mühlebach',0,'Grundtarif',22.35,44.2,69.3),(2001,82,'1','82','Mühlebach',1,'Verheiratetentarif',55,86.2,133.3),(2001,82,'2','82','Mühlebach',2,'Einelternfamilientarif',29.7,51.9,76.2),(2001,83,'0','83','Weinegg',0,'Grundtarif',21.1,43.9,66.75),(2001,83,'1','83','Weinegg',1,'Verheiratetentarif',62.3,86.4,138.7),(2001,83,'2','83','Weinegg',2,'Einelternfamilientarif',29.9,54,77.2),(2001,91,'0','91','Albisrieden',0,'Grundtarif',21.2,37.8,55),(2001,91,'1','91','Albisrieden',1,'Verheiratetentarif',48.2,65.6,91.6),(2001,91,'2','91','Albisrieden',2,'Einelternfamilientarif',24.8,39.8,53.4),(2001,92,'0','92','Altstetten',0,'Grundtarif',19.8,36,52.9),(2001,92,'1','92','Altstetten',1,'Verheiratetentarif',45.8,62.3,83.3),(2001,92,'2','92','Altstetten',2,'Einelternfamilientarif',17.7,35,49),(2001,101,'0','101','Höngg',0,'Grundtarif',23.6,45.1,66.8),(2001,101,'1','101','Höngg',1,'Verheiratetentarif',58.2,80.9,116.5),(2001,101,'2','101','Höngg',2,'Einelternfamilientarif',28.2,43.6,62.8),(2001,102,'0','102','Wipkingen',0,'Grundtarif',20.4,38.8,57.9),(2001,102,'1','102','Wipkingen',1,'Verheiratetentarif',46,65.3,90),(2001,102,'2','102','Wipkingen',2,'Einelternfamilientarif',23.1,37.8,54.1),(2001,111,'0','111','Affoltern',0,'Grundtarif',18.3,34.4,51.6),(2001,111,'1','111','Affoltern',1,'Verheiratetentarif',46.7,65,86.75),(2001,111,'2','111','Affoltern',2,'Einelternfamilientarif',22.2,37.05,52.75),(2001,115,'0','115','Oerlikon',0,'Grundtarif',21.1,40,59.7),(2001,115,'1','115','Oerlikon',1,'Verheiratetentarif',47.85,69.9,100.6),(2001,115,'2','115','Oerlikon',2,'Einelternfamilientarif',23.8,39.7,59.2),(2001,119,'0','119','Seebach',0,'Grundtarif',18.5,34.3,50.9),(2001,119,'1','119','Seebach',1,'Verheiratetentarif',42.4,59.9,81.4),(2001,119,'2','119','Seebach',2,'Einelternfamilientarif',16.5,34,50.3),(2001,121,'0','121','Saatlen',0,'Grundtarif',16.8,31.3,45.4),(2001,121,'1','121','Saatlen',1,'Verheiratetentarif',41.7,58,75.95),(2001,121,'2','121','Saatlen',2,'Einelternfamilientarif',20.2,32.6,45.5),(2001,122,'0','122','Schwamendingen-Mitte',0,'Grundtarif',18.3,32.8,48.6),(2001,122,'1','122','Schwamendingen-Mitte',1,'Verheiratetentarif',41.7,59.85,77.7),(2001,122,'2','122','Schwamendingen-Mitte',2,'Einelternfamilientarif',15,31.2,48.1),(2001,123,'0','123','Hirzenbach',0,'Grundtarif',15.8,28.7,43.6),(2001,123,'1','123','Hirzenbach',1,'Verheiratetentarif',43.1,58.7,76.4),(2001,123,'2','123','Hirzenbach',2,'Einelternfamilientarif',16.7,33.2,46.2),(2002,11,'0','11','Rathaus',0,'Grundtarif',19.45,44.05,72.8),(2002,11,'1','11','Rathaus',1,'Verheiratetentarif',49.85,87.05,145.25),(2002,11,'2','11','Rathaus',2,'Einelternfamilientarif',28.8,55.7,116.5),(2002,12,'0','12','Hochschulen',0,'Grundtarif',13.1,33.2,62),(2002,12,'1','12','Hochschulen',1,'Verheiratetentarif',57.05,105,195.2),(2002,12,'2','12','Hochschulen',2,'Einelternfamilientarif',0,0,0),(2002,13,'0','13','Lindenhof',0,'Grundtarif',20,45,80.5),(2002,13,'1','13','Lindenhof',1,'Verheiratetentarif',82.85,121.8,194.4),(2002,13,'2','13','Lindenhof',2,'Einelternfamilientarif',0,0,0),(2002,14,'0','14','City',0,'Grundtarif',15.2,36.3,68),(2002,14,'1','14','City',1,'Verheiratetentarif',47.3,79.5,106.4),(2002,14,'2','14','City',2,'Einelternfamilientarif',25.3,40.7,63),(2002,21,'0','21','Wollishofen',0,'Grundtarif',19.9,39.5,60.1),(2002,21,'1','21','Wollishofen',1,'Verheiratetentarif',53.2,73.5,106.4),(2002,21,'2','21','Wollishofen',2,'Einelternfamilientarif',24.9,42.5,62.4),(2002,23,'0','23','Leimbach',0,'Grundtarif',20,36.5,55),(2002,23,'1','23','Leimbach',1,'Verheiratetentarif',47.3,69.35,95.5),(2002,23,'2','23','Leimbach',2,'Einelternfamilientarif',30.6,47.8,66.2),(2002,24,'0','24','Enge',0,'Grundtarif',22,46.9,74.6),(2002,24,'1','24','Enge',1,'Verheiratetentarif',58.2,93.6,148.9),(2002,24,'2','24','Enge',2,'Einelternfamilientarif',21.85,48.9,85.05),(2002,31,'0','31','Alt-Wiedikon',0,'Grundtarif',21.6,40.5,60.3),(2002,31,'1','31','Alt-Wiedikon',1,'Verheiratetentarif',42.6,64.7,95.1),(2002,31,'2','31','Alt-Wiedikon',2,'Einelternfamilientarif',21.6,39.9,61.5),(2002,33,'0','33','Friesenberg',0,'Grundtarif',12.3,29.7,47.2),(2002,33,'1','33','Friesenberg',1,'Verheiratetentarif',49.3,65,85.4),(2002,33,'2','33','Friesenberg',2,'Einelternfamilientarif',24.5,38.9,53.3),(2002,34,'0','34','Sihlfeld',0,'Grundtarif',18.9,35.5,53.8),(2002,34,'1','34','Sihlfeld',1,'Verheiratetentarif',39.1,58.1,77.6),(2002,34,'2','34','Sihlfeld',2,'Einelternfamilientarif',18.4,33.7,48.1),(2002,41,'0','41','Werd',0,'Grundtarif',18.3,38.65,58.7),(2002,41,'1','41','Werd',1,'Verheiratetentarif',36.9,60,82.7),(2002,41,'2','41','Werd',2,'Einelternfamilientarif',8.6,30.1,53.4),(2002,42,'0','42','Langstrasse',0,'Grundtarif',15.6,32.9,53.1),(2002,42,'1','42','Langstrasse',1,'Verheiratetentarif',35.3,54.25,75.5),(2002,42,'2','42','Langstrasse',2,'Einelternfamilientarif',17.8,34.55,50.6),(2002,44,'0','44','Hard',0,'Grundtarif',15.9,29.7,45.4),(2002,44,'1','44','Hard',1,'Verheiratetentarif',38.35,55.2,72.15),(2002,44,'2','44','Hard',2,'Einelternfamilientarif',17.25,33,46.1),(2002,51,'0','51','Gewerbeschule',0,'Grundtarif',18.5,36,55.5),(2002,51,'1','51','Gewerbeschule',1,'Verheiratetentarif',38.2,57,77.6),(2002,51,'2','51','Gewerbeschule',2,'Einelternfamilientarif',22.4,35.05,47.2),(2002,52,'0','52','Escher Wyss',0,'Grundtarif',25,45.2,64.7),(2002,52,'1','52','Escher Wyss',1,'Verheiratetentarif',47.2,68.8,100.8),(2002,52,'2','52','Escher Wyss',2,'Einelternfamilientarif',18.5,42.35,68.3),(2002,61,'0','61','Unterstrass',0,'Grundtarif',21.3,40.5,62.3),(2002,61,'1','61','Unterstrass',1,'Verheiratetentarif',50,70.2,98.7),(2002,61,'2','61','Unterstrass',2,'Einelternfamilientarif',24.6,40.1,58.5),(2002,63,'0','63','Oberstrass',0,'Grundtarif',20.65,45.7,74.1),(2002,63,'1','63','Oberstrass',1,'Verheiratetentarif',66.8,104.1,162.7),(2002,63,'2','63','Oberstrass',2,'Einelternfamilientarif',29.8,56,91.8),(2002,71,'0','71','Fluntern',0,'Grundtarif',17.2,48.55,82),(2002,71,'1','71','Fluntern',1,'Verheiratetentarif',78.2,127.2,220.1),(2002,71,'2','71','Fluntern',2,'Einelternfamilientarif',41.3,64.9,121),(2002,72,'0','72','Hottingen',0,'Grundtarif',20.4,45.7,75.5),(2002,72,'1','72','Hottingen',1,'Verheiratetentarif',66.6,107.05,180.2),(2002,72,'2','72','Hottingen',2,'Einelternfamilientarif',31.2,56.3,92.6),(2002,73,'0','73','Hirslanden',0,'Grundtarif',20.4,42.1,67.5),(2002,73,'1','73','Hirslanden',1,'Verheiratetentarif',57.1,87.6,146.8),(2002,73,'2','73','Hirslanden',2,'Einelternfamilientarif',35.9,51,79.9),(2002,74,'0','74','Witikon',0,'Grundtarif',21.3,45.1,69),(2002,74,'1','74','Witikon',1,'Verheiratetentarif',58.6,91.05,138.5),(2002,74,'2','74','Witikon',2,'Einelternfamilientarif',32.9,54.7,85.4),(2002,81,'0','81','Seefeld',0,'Grundtarif',24.4,48.3,74.6),(2002,81,'1','81','Seefeld',1,'Verheiratetentarif',52.1,84.7,141.8),(2002,81,'2','81','Seefeld',2,'Einelternfamilientarif',28,50.7,85.3),(2002,82,'0','82','Mühlebach',0,'Grundtarif',21.7,43.55,69.55),(2002,82,'1','82','Mühlebach',1,'Verheiratetentarif',56.9,86.3,130.3),(2002,82,'2','82','Mühlebach',2,'Einelternfamilientarif',31.5,50.6,74.9),(2002,83,'0','83','Weinegg',0,'Grundtarif',19.35,43.3,66.2),(2002,83,'1','83','Weinegg',1,'Verheiratetentarif',61.1,90.8,138.8),(2002,83,'2','83','Weinegg',2,'Einelternfamilientarif',24.8,48.3,68.3),(2002,91,'0','91','Albisrieden',0,'Grundtarif',20.9,37.1,54.6),(2002,91,'1','91','Albisrieden',1,'Verheiratetentarif',48,65.1,91.2),(2002,91,'2','91','Albisrieden',2,'Einelternfamilientarif',23.3,39.55,55.1),(2002,92,'0','92','Altstetten',0,'Grundtarif',19.5,36.3,53),(2002,92,'1','92','Altstetten',1,'Verheiratetentarif',46.2,62.5,82.9),(2002,92,'2','92','Altstetten',2,'Einelternfamilientarif',19.5,35.65,50.1),(2002,101,'0','101','Höngg',0,'Grundtarif',23.7,45.3,66.7),(2002,101,'1','101','Höngg',1,'Verheiratetentarif',57.7,80.1,116.3),(2002,101,'2','101','Höngg',2,'Einelternfamilientarif',29.3,45.7,65.7),(2002,102,'0','102','Wipkingen',0,'Grundtarif',19.9,39,58.5),(2002,102,'1','102','Wipkingen',1,'Verheiratetentarif',44.8,64.1,89.1),(2002,102,'2','102','Wipkingen',2,'Einelternfamilientarif',22.1,40.7,57.6),(2002,111,'0','111','Affoltern',0,'Grundtarif',18.3,35,51.8),(2002,111,'1','111','Affoltern',1,'Verheiratetentarif',46.8,65.2,87.1),(2002,111,'2','111','Affoltern',2,'Einelternfamilientarif',22.65,37.1,55.4),(2002,115,'0','115','Oerlikon',0,'Grundtarif',20.6,40.1,59.7),(2002,115,'1','115','Oerlikon',1,'Verheiratetentarif',47.5,69.8,99.7),(2002,115,'2','115','Oerlikon',2,'Einelternfamilientarif',22.6,40.1,60.1),(2002,119,'0','119','Seebach',0,'Grundtarif',18,34.7,51.1),(2002,119,'1','119','Seebach',1,'Verheiratetentarif',43,59.8,81.4),(2002,119,'2','119','Seebach',2,'Einelternfamilientarif',15.35,33.75,51.8),(2002,121,'0','121','Saatlen',0,'Grundtarif',16.2,30.6,45.3),(2002,121,'1','121','Saatlen',1,'Verheiratetentarif',42.4,58.1,75.5),(2002,121,'2','121','Saatlen',2,'Einelternfamilientarif',17.9,31.65,43.7),(2002,122,'0','122','Schwamendingen-Mitte',0,'Grundtarif',18.3,33.05,48.8),(2002,122,'1','122','Schwamendingen-Mitte',1,'Verheiratetentarif',40.3,58.5,77.9),(2002,122,'2','122','Schwamendingen-Mitte',2,'Einelternfamilientarif',16.5,34.45,48.2),(2002,123,'0','123','Hirzenbach',0,'Grundtarif',15,29,43.8),(2002,123,'1','123','Hirzenbach',1,'Verheiratetentarif',43,58.5,75.9),(2002,123,'2','123','Hirzenbach',2,'Einelternfamilientarif',18.8,33.7,46.8),(2003,11,'0','11','Rathaus',0,'Grundtarif',19.6,45,73.8),(2003,11,'1','11','Rathaus',1,'Verheiratetentarif',51.7,88.4,142.8),(2003,11,'2','11','Rathaus',2,'Einelternfamilientarif',32.6,52.6,116.5),(2003,12,'0','12','Hochschulen',0,'Grundtarif',13.9,32.3,62.2),(2003,12,'1','12','Hochschulen',1,'Verheiratetentarif',56.4,98.1,205.6),(2003,12,'2','12','Hochschulen',2,'Einelternfamilientarif',0,0,0),(2003,13,'0','13','Lindenhof',0,'Grundtarif',20,49.1,86.25),(2003,13,'1','13','Lindenhof',1,'Verheiratetentarif',68.2,119.2,184.4),(2003,13,'2','13','Lindenhof',2,'Einelternfamilientarif',27.45,62.05,104.1),(2003,14,'0','14','City',0,'Grundtarif',13.3,38,69.5),(2003,14,'1','14','City',1,'Verheiratetentarif',50,80.2,113.6),(2003,14,'2','14','City',2,'Einelternfamilientarif',0,0,0),(2003,21,'0','21','Wollishofen',0,'Grundtarif',20.1,39.3,59.8),(2003,21,'1','21','Wollishofen',1,'Verheiratetentarif',52.5,73.8,106.1),(2003,21,'2','21','Wollishofen',2,'Einelternfamilientarif',23.2,42.7,64.8),(2003,23,'0','23','Leimbach',0,'Grundtarif',18.2,34.8,53.8),(2003,23,'1','23','Leimbach',1,'Verheiratetentarif',48.8,68.6,95.7),(2003,23,'2','23','Leimbach',2,'Einelternfamilientarif',24.4,43.2,66.4),(2003,24,'0','24','Enge',0,'Grundtarif',22.7,47.29,73.3),(2003,24,'1','24','Enge',1,'Verheiratetentarif',57.5,90.25,149.9),(2003,24,'2','24','Enge',2,'Einelternfamilientarif',24.35,47.45,94),(2003,31,'0','31','Alt-Wiedikon',0,'Grundtarif',21.6,40.2,60.4),(2003,31,'1','31','Alt-Wiedikon',1,'Verheiratetentarif',42.1,64.9,94.8),(2003,31,'2','31','Alt-Wiedikon',2,'Einelternfamilientarif',23.5,39.7,59.5),(2003,33,'0','33','Friesenberg',0,'Grundtarif',12.5,29.8,46.4),(2003,33,'1','33','Friesenberg',1,'Verheiratetentarif',47.9,63.9,83.8),(2003,33,'2','33','Friesenberg',2,'Einelternfamilientarif',22.8,39.5,51.1),(2003,34,'0','34','Sihlfeld',0,'Grundtarif',18.7,35.5,53.7),(2003,34,'1','34','Sihlfeld',1,'Verheiratetentarif',38.8,57.5,76.4),(2003,34,'2','34','Sihlfeld',2,'Einelternfamilientarif',17.7,32.3,48.6),(2003,41,'0','41','Werd',0,'Grundtarif',18.7,38,58.7),(2003,41,'1','41','Werd',1,'Verheiratetentarif',36.3,60.15,85.8),(2003,41,'2','41','Werd',2,'Einelternfamilientarif',16.1,30.25,49.8),(2003,42,'0','42','Langstrasse',0,'Grundtarif',15.9,34.1,53.4),(2003,42,'1','42','Langstrasse',1,'Verheiratetentarif',34.4,54.6,77.3),(2003,42,'2','42','Langstrasse',2,'Einelternfamilientarif',17.4,35,49),(2003,44,'0','44','Hard',0,'Grundtarif',16,30,45.3),(2003,44,'1','44','Hard',1,'Verheiratetentarif',37.1,54.2,71.5),(2003,44,'2','44','Hard',2,'Einelternfamilientarif',15.35,32.2,45.85),(2003,51,'0','51','Gewerbeschule',0,'Grundtarif',18.1,37,55.8),(2003,51,'1','51','Gewerbeschule',1,'Verheiratetentarif',38.8,58.1,76.5),(2003,51,'2','51','Gewerbeschule',2,'Einelternfamilientarif',19.1,33.9,48.2),(2003,52,'0','52','Escher Wyss',0,'Grundtarif',25.45,47.1,67.8),(2003,52,'1','52','Escher Wyss',1,'Verheiratetentarif',47.5,71.85,101.85),(2003,52,'2','52','Escher Wyss',2,'Einelternfamilientarif',27.9,49.9,73.7),(2003,61,'0','61','Unterstrass',0,'Grundtarif',21.3,40.7,62.1),(2003,61,'1','61','Unterstrass',1,'Verheiratetentarif',49.3,70.2,99.6),(2003,61,'2','61','Unterstrass',2,'Einelternfamilientarif',24.02,39.9,59.1),(2003,63,'0','63','Oberstrass',0,'Grundtarif',20.3,45.7,72),(2003,63,'1','63','Oberstrass',1,'Verheiratetentarif',66.8,106.65,172.8),(2003,63,'2','63','Oberstrass',2,'Einelternfamilientarif',33.5,59.8,88),(2003,71,'0','71','Fluntern',0,'Grundtarif',17.1,48.5,81.8),(2003,71,'1','71','Fluntern',1,'Verheiratetentarif',76.4,128.3,218.7),(2003,71,'2','71','Fluntern',2,'Einelternfamilientarif',39.05,64.9,120.75),(2003,72,'0','72','Hottingen',0,'Grundtarif',19.7,46,75.5),(2003,72,'1','72','Hottingen',1,'Verheiratetentarif',66.9,109.6,182.8),(2003,72,'2','72','Hottingen',2,'Einelternfamilientarif',30.2,52.6,84.3),(2003,73,'0','73','Hirslanden',0,'Grundtarif',19.5,42.45,68.1),(2003,73,'1','73','Hirslanden',1,'Verheiratetentarif',59.7,89.1,145),(2003,73,'2','73','Hirslanden',2,'Einelternfamilientarif',30.9,51.1,80.6),(2003,74,'0','74','Witikon',0,'Grundtarif',20.6,44.1,68.05),(2003,74,'1','74','Witikon',1,'Verheiratetentarif',58.35,90.1,137.85),(2003,74,'2','74','Witikon',2,'Einelternfamilientarif',31.3,53.8,84.1),(2003,81,'0','81','Seefeld',0,'Grundtarif',23.2,47.6,72.8),(2003,81,'1','81','Seefeld',1,'Verheiratetentarif',54.3,90.6,144.8),(2003,81,'2','81','Seefeld',2,'Einelternfamilientarif',29.3,50,89.9),(2003,82,'0','82','Mühlebach',0,'Grundtarif',21.8,44.7,69.8),(2003,82,'1','82','Mühlebach',1,'Verheiratetentarif',54.1,87.2,136.6),(2003,82,'2','82','Mühlebach',2,'Einelternfamilientarif',32.1,50.25,69),(2003,83,'0','83','Weinegg',0,'Grundtarif',19.6,44.7,68.1),(2003,83,'1','83','Weinegg',1,'Verheiratetentarif',62.1,88.9,133.4),(2003,83,'2','83','Weinegg',2,'Einelternfamilientarif',25.8,50.4,65.3),(2003,91,'0','91','Albisrieden',0,'Grundtarif',20.7,36.8,54.5),(2003,91,'1','91','Albisrieden',1,'Verheiratetentarif',48,65,90),(2003,91,'2','91','Albisrieden',2,'Einelternfamilientarif',22.1,37.75,54.3),(2003,92,'0','92','Altstetten',0,'Grundtarif',19.8,36.6,53.2),(2003,92,'1','92','Altstetten',1,'Verheiratetentarif',45.4,61.4,82.6),(2003,92,'2','92','Altstetten',2,'Einelternfamilientarif',20.8,36.7,50.6),(2003,101,'0','101','Höngg',0,'Grundtarif',23.1,45.1,66.2),(2003,101,'1','101','Höngg',1,'Verheiratetentarif',57.3,79.4,115.5),(2003,101,'2','101','Höngg',2,'Einelternfamilientarif',29,45.1,64.9),(2003,102,'0','102','Wipkingen',0,'Grundtarif',19.9,39.5,59),(2003,102,'1','102','Wipkingen',1,'Verheiratetentarif',46.2,64.6,90.9),(2003,102,'2','102','Wipkingen',2,'Einelternfamilientarif',21.2,40.3,56.5),(2003,111,'0','111','Affoltern',0,'Grundtarif',17.9,34.4,51.2),(2003,111,'1','111','Affoltern',1,'Verheiratetentarif',46,64.8,88),(2003,111,'2','111','Affoltern',2,'Einelternfamilientarif',21.4,37.3,52.4),(2003,115,'0','115','Oerlikon',0,'Grundtarif',21,40,59.9),(2003,115,'1','115','Oerlikon',1,'Verheiratetentarif',47.8,69.1,99.3),(2003,115,'2','115','Oerlikon',2,'Einelternfamilientarif',20,39,57),(2003,119,'0','119','Seebach',0,'Grundtarif',18,34.8,51.5),(2003,119,'1','119','Seebach',1,'Verheiratetentarif',42.6,60.6,81),(2003,119,'2','119','Seebach',2,'Einelternfamilientarif',19.3,34.45,50.7),(2003,121,'0','121','Saatlen',0,'Grundtarif',15,30.5,44.5),(2003,121,'1','121','Saatlen',1,'Verheiratetentarif',41.5,57.45,75.6),(2003,121,'2','121','Saatlen',2,'Einelternfamilientarif',18.9,31.9,45.7),(2003,122,'0','122','Schwamendingen-Mitte',0,'Grundtarif',18.4,32.5,48.3),(2003,122,'1','122','Schwamendingen-Mitte',1,'Verheiratetentarif',41.2,58.5,77.6),(2003,122,'2','122','Schwamendingen-Mitte',2,'Einelternfamilientarif',13.3,30.8,45.5),(2003,123,'0','123','Hirzenbach',0,'Grundtarif',15.1,29.6,43.8),(2003,123,'1','123','Hirzenbach',1,'Verheiratetentarif',42.5,58.6,74.7),(2003,123,'2','123','Hirzenbach',2,'Einelternfamilientarif',18.7,32.35,46.6),(2004,11,'0','11','Rathaus',0,'Grundtarif',17.3,42.1,72.5),(2004,11,'1','11','Rathaus',1,'Verheiratetentarif',59.7,97.3,149.3),(2004,11,'2','11','Rathaus',2,'Einelternfamilientarif',34.9,54.9,103.8),(2004,12,'0','12','Hochschulen',0,'Grundtarif',12.1,32.85,63.8),(2004,12,'1','12','Hochschulen',1,'Verheiratetentarif',54.9,98.6,190.2),(2004,12,'2','12','Hochschulen',2,'Einelternfamilientarif',0,0,0),(2004,13,'0','13','Lindenhof',0,'Grundtarif',20,51.45,90.5),(2004,13,'1','13','Lindenhof',1,'Verheiratetentarif',65.55,119.35,184.45),(2004,13,'2','13','Lindenhof',2,'Einelternfamilientarif',0,0,0),(2004,14,'0','14','City',0,'Grundtarif',14.6,36,70.9),(2004,14,'1','14','City',1,'Verheiratetentarif',51.9,80.4,123.2),(2004,14,'2','14','City',2,'Einelternfamilientarif',0,0,0),(2004,21,'0','21','Wollishofen',0,'Grundtarif',19.3,38.7,59.7),(2004,21,'1','21','Wollishofen',1,'Verheiratetentarif',52.4,74.25,108.5),(2004,21,'2','21','Wollishofen',2,'Einelternfamilientarif',25.15,41.35,63.05),(2004,23,'0','23','Leimbach',0,'Grundtarif',18.1,34.1,52.7),(2004,23,'1','23','Leimbach',1,'Verheiratetentarif',45.75,68.25,94.05),(2004,23,'2','23','Leimbach',2,'Einelternfamilientarif',20.3,41.85,58.7),(2004,24,'0','24','Enge',0,'Grundtarif',21.7,47.4,75),(2004,24,'1','24','Enge',1,'Verheiratetentarif',58.2,92.7,151.2),(2004,24,'2','24','Enge',2,'Einelternfamilientarif',26.3,47,94.2),(2004,31,'0','31','Alt-Wiedikon',0,'Grundtarif',21.2,40.6,61),(2004,31,'1','31','Alt-Wiedikon',1,'Verheiratetentarif',42.1,65.6,96.4),(2004,31,'2','31','Alt-Wiedikon',2,'Einelternfamilientarif',22.2,44.2,67.9),(2004,33,'0','33','Friesenberg',0,'Grundtarif',10.5,28.5,47.1),(2004,33,'1','33','Friesenberg',1,'Verheiratetentarif',46.9,63.5,85.6),(2004,33,'2','33','Friesenberg',2,'Einelternfamilientarif',22.15,38.75,54.95),(2004,34,'0','34','Sihlfeld',0,'Grundtarif',18.6,35.6,53.8),(2004,34,'1','34','Sihlfeld',1,'Verheiratetentarif',37,56.6,77.1),(2004,34,'2','34','Sihlfeld',2,'Einelternfamilientarif',16.3,33.35,48.2),(2004,41,'0','41','Werd',0,'Grundtarif',17.8,39.1,59.9),(2004,41,'1','41','Werd',1,'Verheiratetentarif',34.8,55.35,90.4),(2004,41,'2','41','Werd',2,'Einelternfamilientarif',21.6,33.7,60.5),(2004,42,'0','42','Langstrasse',0,'Grundtarif',15.3,33.1,54.7),(2004,42,'1','42','Langstrasse',1,'Verheiratetentarif',31.15,51.9,76.5),(2004,42,'2','42','Langstrasse',2,'Einelternfamilientarif',18.3,34.3,51.9),(2004,44,'0','44','Hard',0,'Grundtarif',15.4,29.85,45),(2004,44,'1','44','Hard',1,'Verheiratetentarif',36.2,53,70),(2004,44,'2','44','Hard',2,'Einelternfamilientarif',11.9,30.2,46.8),(2004,51,'0','51','Gewerbeschule',0,'Grundtarif',17.2,37.1,56.8),(2004,51,'1','51','Gewerbeschule',1,'Verheiratetentarif',39.25,56.35,76.8),(2004,51,'2','51','Gewerbeschule',2,'Einelternfamilientarif',18.3,34.2,49.4),(2004,52,'0','52','Escher Wyss',0,'Grundtarif',24.35,47.4,69.5),(2004,52,'1','52','Escher Wyss',1,'Verheiratetentarif',47.9,73.1,109.9),(2004,52,'2','52','Escher Wyss',2,'Einelternfamilientarif',15.3,40.5,60.8),(2004,61,'0','61','Unterstrass',0,'Grundtarif',21.2,41,63.2),(2004,61,'1','61','Unterstrass',1,'Verheiratetentarif',49.5,70,101.5),(2004,61,'2','61','Unterstrass',2,'Einelternfamilientarif',24.6,42,62.3),(2004,63,'0','63','Oberstrass',0,'Grundtarif',20,46,73.55),(2004,63,'1','63','Oberstrass',1,'Verheiratetentarif',64.35,106.2,173.2),(2004,63,'2','63','Oberstrass',2,'Einelternfamilientarif',35.2,61.3,101.3),(2004,71,'0','71','Fluntern',0,'Grundtarif',17.4,49.05,83.2),(2004,71,'1','71','Fluntern',1,'Verheiratetentarif',77.5,131.4,229.8),(2004,71,'2','71','Fluntern',2,'Einelternfamilientarif',44.1,69.2,105.8),(2004,72,'0','72','Hottingen',0,'Grundtarif',19.4,46.3,75.6),(2004,72,'1','72','Hottingen',1,'Verheiratetentarif',66.6,110.7,187.4),(2004,72,'2','72','Hottingen',2,'Einelternfamilientarif',31,58.9,97),(2004,73,'0','73','Hirslanden',0,'Grundtarif',20.2,42.9,68.4),(2004,73,'1','73','Hirslanden',1,'Verheiratetentarif',59.5,90.1,154.1),(2004,73,'2','73','Hirslanden',2,'Einelternfamilientarif',32.9,55.35,82.6),(2004,74,'0','74','Witikon',0,'Grundtarif',20,42.8,68.2),(2004,74,'1','74','Witikon',1,'Verheiratetentarif',58.4,90.35,137.2),(2004,74,'2','74','Witikon',2,'Einelternfamilientarif',31.4,53,81.9),(2004,81,'0','81','Seefeld',0,'Grundtarif',23.1,47.9,74.2),(2004,81,'1','81','Seefeld',1,'Verheiratetentarif',56.4,89,142.1),(2004,81,'2','81','Seefeld',2,'Einelternfamilientarif',31.05,51.6,77.25),(2004,82,'0','82','Mühlebach',0,'Grundtarif',20.2,43.75,70.4),(2004,82,'1','82','Mühlebach',1,'Verheiratetentarif',55.6,87.4,140.6),(2004,82,'2','82','Mühlebach',2,'Einelternfamilientarif',30.2,47.1,69.1),(2004,83,'0','83','Weinegg',0,'Grundtarif',18.35,44,66.8),(2004,83,'1','83','Weinegg',1,'Verheiratetentarif',60.1,88,134.4),(2004,83,'2','83','Weinegg',2,'Einelternfamilientarif',30.7,52.1,70.8),(2004,91,'0','91','Albisrieden',0,'Grundtarif',20,36.5,54),(2004,91,'1','91','Albisrieden',1,'Verheiratetentarif',47.3,65.1,90.7),(2004,91,'2','91','Albisrieden',2,'Einelternfamilientarif',22,36.9,53.9),(2004,92,'0','92','Altstetten',0,'Grundtarif',19.1,36.1,53.2),(2004,92,'1','92','Altstetten',1,'Verheiratetentarif',44.4,61.3,83),(2004,92,'2','92','Altstetten',2,'Einelternfamilientarif',20.8,36.5,51.1),(2004,101,'0','101','Höngg',0,'Grundtarif',22.4,44.4,65.4),(2004,101,'1','101','Höngg',1,'Verheiratetentarif',56.9,80.05,117.3),(2004,101,'2','101','Höngg',2,'Einelternfamilientarif',28,44.4,63.4),(2004,102,'0','102','Wipkingen',0,'Grundtarif',19.7,39.4,58.9),(2004,102,'1','102','Wipkingen',1,'Verheiratetentarif',45,64.7,89.95),(2004,102,'2','102','Wipkingen',2,'Einelternfamilientarif',25,40.5,57.6),(2004,111,'0','111','Affoltern',0,'Grundtarif',17.6,34.2,51.3),(2004,111,'1','111','Affoltern',1,'Verheiratetentarif',45.6,64.7,87.6),(2004,111,'2','111','Affoltern',2,'Einelternfamilientarif',20,35.7,53.7),(2004,115,'0','115','Oerlikon',0,'Grundtarif',20.3,39.85,60),(2004,115,'1','115','Oerlikon',1,'Verheiratetentarif',46.9,70,99.5),(2004,115,'2','115','Oerlikon',2,'Einelternfamilientarif',18.8,38.05,56.85),(2004,119,'0','119','Seebach',0,'Grundtarif',17,34.2,51.3),(2004,119,'1','119','Seebach',1,'Verheiratetentarif',41.9,60.2,81.4),(2004,119,'2','119','Seebach',2,'Einelternfamilientarif',16.75,36.05,51.7),(2004,121,'0','121','Saatlen',0,'Grundtarif',13.3,29.7,44.3),(2004,121,'1','121','Saatlen',1,'Verheiratetentarif',39.85,56.95,74.75),(2004,121,'2','121','Saatlen',2,'Einelternfamilientarif',18.8,30,44),(2004,122,'0','122','Schwamendingen-Mitte',0,'Grundtarif',18.2,31.9,47.7),(2004,122,'1','122','Schwamendingen-Mitte',1,'Verheiratetentarif',40.05,57.2,77.3),(2004,122,'2','122','Schwamendingen-Mitte',2,'Einelternfamilientarif',12.3,31.3,47.7),(2004,123,'0','123','Hirzenbach',0,'Grundtarif',14.9,29.2,42.6),(2004,123,'1','123','Hirzenbach',1,'Verheiratetentarif',41.4,58.1,75.1),(2004,123,'2','123','Hirzenbach',2,'Einelternfamilientarif',15,31.7,44.7),(2005,11,'0','11','Rathaus',0,'Grundtarif',18.2,44.5,74.75),(2005,11,'1','11','Rathaus',1,'Verheiratetentarif',62.7,100.8,158.3),(2005,11,'2','11','Rathaus',2,'Einelternfamilientarif',35,47.25,96.1),(2005,12,'0','12','Hochschulen',0,'Grundtarif',12.1,33.05,64.25),(2005,12,'1','12','Hochschulen',1,'Verheiratetentarif',50.9,101.9,191.2),(2005,12,'2','12','Hochschulen',2,'Einelternfamilientarif',0,0,0),(2005,13,'0','13','Lindenhof',0,'Grundtarif',21.45,50.5,92.05),(2005,13,'1','13','Lindenhof',1,'Verheiratetentarif',72.3,112.9,197.6),(2005,13,'2','13','Lindenhof',2,'Einelternfamilientarif',0,0,0),(2005,14,'0','14','City',0,'Grundtarif',11.1,36.6,74.6),(2005,14,'1','14','City',1,'Verheiratetentarif',50.45,82.3,119.1),(2005,14,'2','14','City',2,'Einelternfamilientarif',0,0,0),(2005,21,'0','21','Wollishofen',0,'Grundtarif',18.6,38.75,60.45),(2005,21,'1','21','Wollishofen',1,'Verheiratetentarif',52.1,74.4,110),(2005,21,'2','21','Wollishofen',2,'Einelternfamilientarif',25,41,63.3),(2005,23,'0','23','Leimbach',0,'Grundtarif',18.6,35,54.3),(2005,23,'1','23','Leimbach',1,'Verheiratetentarif',49.1,70.3,98.2),(2005,23,'2','23','Leimbach',2,'Einelternfamilientarif',20.1,44.45,63.8),(2005,24,'0','24','Enge',0,'Grundtarif',22.9,48.6,77.55),(2005,24,'1','24','Enge',1,'Verheiratetentarif',59.8,97.9,161.9),(2005,24,'2','24','Enge',2,'Einelternfamilientarif',22.85,51.5,89.5),(2005,31,'0','31','Alt-Wiedikon',0,'Grundtarif',22.5,42.4,63.7),(2005,31,'1','31','Alt-Wiedikon',1,'Verheiratetentarif',42.2,66.2,100),(2005,31,'2','31','Alt-Wiedikon',2,'Einelternfamilientarif',20,42,62.5),(2005,33,'0','33','Friesenberg',0,'Grundtarif',9.4,28.2,47.1),(2005,33,'1','33','Friesenberg',1,'Verheiratetentarif',47.4,63.8,85.2),(2005,33,'2','33','Friesenberg',2,'Einelternfamilientarif',24.3,38.75,55),(2005,34,'0','34','Sihlfeld',0,'Grundtarif',18.05,35.8,54.5),(2005,34,'1','34','Sihlfeld',1,'Verheiratetentarif',36.1,55.7,77.5),(2005,34,'2','34','Sihlfeld',2,'Einelternfamilientarif',15.6,34.5,50),(2005,41,'0','41','Werd',0,'Grundtarif',19.35,40,61.2),(2005,41,'1','41','Werd',1,'Verheiratetentarif',32.3,58.5,92.7),(2005,41,'2','41','Werd',2,'Einelternfamilientarif',24.15,43.4,75),(2005,42,'0','42','Langstrasse',0,'Grundtarif',15.5,34.8,56),(2005,42,'1','42','Langstrasse',1,'Verheiratetentarif',31.5,52.1,74.7),(2005,42,'2','42','Langstrasse',2,'Einelternfamilientarif',11.4,32.1,48.9),(2005,44,'0','44','Hard',0,'Grundtarif',14.8,29.2,45.8),(2005,44,'1','44','Hard',1,'Verheiratetentarif',34.85,52.1,70.1),(2005,44,'2','44','Hard',2,'Einelternfamilientarif',11.3,28.4,44),(2005,51,'0','51','Gewerbeschule',0,'Grundtarif',18.55,37.5,58.2),(2005,51,'1','51','Gewerbeschule',1,'Verheiratetentarif',38.2,56.3,77.5),(2005,51,'2','51','Gewerbeschule',2,'Einelternfamilientarif',23,36.2,52.2),(2005,52,'0','52','Escher Wyss',0,'Grundtarif',24.6,46.9,71.7),(2005,52,'1','52','Escher Wyss',1,'Verheiratetentarif',44.5,72.9,117.7),(2005,52,'2','52','Escher Wyss',2,'Einelternfamilientarif',29.3,48.7,71),(2005,61,'0','61','Unterstrass',0,'Grundtarif',21.5,41.5,64.2),(2005,61,'1','61','Unterstrass',1,'Verheiratetentarif',50.2,71.1,105.1),(2005,61,'2','61','Unterstrass',2,'Einelternfamilientarif',24.3,40.5,59.9),(2005,63,'0','63','Oberstrass',0,'Grundtarif',21.2,47.1,77.1),(2005,63,'1','63','Oberstrass',1,'Verheiratetentarif',68.2,109.6,174.85),(2005,63,'2','63','Oberstrass',2,'Einelternfamilientarif',32.7,57.6,95.3),(2005,71,'0','71','Fluntern',0,'Grundtarif',17,50.3,87.6),(2005,71,'1','71','Fluntern',1,'Verheiratetentarif',80.5,139.35,244.8),(2005,71,'2','71','Fluntern',2,'Einelternfamilientarif',40.1,64.1,103.2),(2005,72,'0','72','Hottingen',0,'Grundtarif',20.5,47.5,77.3),(2005,72,'1','72','Hottingen',1,'Verheiratetentarif',69.3,116.4,197.7),(2005,72,'2','72','Hottingen',2,'Einelternfamilientarif',38.8,61.05,96.7),(2005,73,'0','73','Hirslanden',0,'Grundtarif',21,43.9,68.7),(2005,73,'1','73','Hirslanden',1,'Verheiratetentarif',59.8,92.85,158.4),(2005,73,'2','73','Hirslanden',2,'Einelternfamilientarif',28.7,50.45,78.6),(2005,74,'0','74','Witikon',0,'Grundtarif',19.4,43.4,67.1),(2005,74,'1','74','Witikon',1,'Verheiratetentarif',59.1,92.3,141.6),(2005,74,'2','74','Witikon',2,'Einelternfamilientarif',33,53.5,87.2),(2005,81,'0','81','Seefeld',0,'Grundtarif',24.5,49.8,78.1),(2005,81,'1','81','Seefeld',1,'Verheiratetentarif',55.2,92.1,139),(2005,81,'2','81','Seefeld',2,'Einelternfamilientarif',32,50.7,84.9),(2005,82,'0','82','Mühlebach',0,'Grundtarif',20.95,45.5,72.4),(2005,82,'1','82','Mühlebach',1,'Verheiratetentarif',56.9,93.9,143.1),(2005,82,'2','82','Mühlebach',2,'Einelternfamilientarif',28.9,50.65,70.7),(2005,83,'0','83','Weinegg',0,'Grundtarif',17.9,44,66.7),(2005,83,'1','83','Weinegg',1,'Verheiratetentarif',62.5,91.1,142.2),(2005,83,'2','83','Weinegg',2,'Einelternfamilientarif',32.6,50.9,75.25),(2005,91,'0','91','Albisrieden',0,'Grundtarif',20,36.4,55.1),(2005,91,'1','91','Albisrieden',1,'Verheiratetentarif',47,66.4,91.8),(2005,91,'2','91','Albisrieden',2,'Einelternfamilientarif',20.8,38.95,57.3),(2005,92,'0','92','Altstetten',0,'Grundtarif',18.3,35.9,53.4),(2005,92,'1','92','Altstetten',1,'Verheiratetentarif',44.1,61.1,82.8),(2005,92,'2','92','Altstetten',2,'Einelternfamilientarif',19,35.25,51.7),(2005,101,'0','101','Höngg',0,'Grundtarif',22.7,44.85,67.35),(2005,101,'1','101','Höngg',1,'Verheiratetentarif',57.9,82.1,121.1),(2005,101,'2','101','Höngg',2,'Einelternfamilientarif',28.95,44.2,65.55),(2005,102,'0','102','Wipkingen',0,'Grundtarif',19.5,39.6,59.3),(2005,102,'1','102','Wipkingen',1,'Verheiratetentarif',45.1,65.3,93.7),(2005,102,'2','102','Wipkingen',2,'Einelternfamilientarif',24.3,41.5,59.8),(2005,111,'0','111','Affoltern',0,'Grundtarif',17.9,34.8,52.2),(2005,111,'1','111','Affoltern',1,'Verheiratetentarif',45.4,64.3,87.3),(2005,111,'2','111','Affoltern',2,'Einelternfamilientarif',17.9,35,50.1),(2005,115,'0','115','Oerlikon',0,'Grundtarif',20,39.9,60.9),(2005,115,'1','115','Oerlikon',1,'Verheiratetentarif',47.2,69.8,103.1),(2005,115,'2','115','Oerlikon',2,'Einelternfamilientarif',20.6,38.35,58.7),(2005,119,'0','119','Seebach',0,'Grundtarif',16.9,34.4,52.1),(2005,119,'1','119','Seebach',1,'Verheiratetentarif',41.4,60.7,82.6),(2005,119,'2','119','Seebach',2,'Einelternfamilientarif',13.6,32.9,50),(2005,121,'0','121','Saatlen',0,'Grundtarif',13.7,29.3,45),(2005,121,'1','121','Saatlen',1,'Verheiratetentarif',39,56,75),(2005,121,'2','121','Saatlen',2,'Einelternfamilientarif',19.5,33.1,47.1),(2005,122,'0','122','Schwamendingen-Mitte',0,'Grundtarif',16.6,31.3,48),(2005,122,'1','122','Schwamendingen-Mitte',1,'Verheiratetentarif',38.6,56.4,76.2),(2005,122,'2','122','Schwamendingen-Mitte',2,'Einelternfamilientarif',8.9,28.05,43.75),(2005,123,'0','123','Hirzenbach',0,'Grundtarif',13.9,28.5,43),(2005,123,'1','123','Hirzenbach',1,'Verheiratetentarif',40,57.3,74.1),(2005,123,'2','123','Hirzenbach',2,'Einelternfamilientarif',14,32.8,46.8),(2006,11,'0','11','Rathaus',0,'Grundtarif',19.5,46.2,75.7),(2006,11,'1','11','Rathaus',1,'Verheiratetentarif',61.9,107.1,166.1),(2006,11,'2','11','Rathaus',2,'Einelternfamilientarif',19.5,41.7,83.1),(2006,12,'0','12','Hochschulen',0,'Grundtarif',12.2,33.5,71.5),(2006,12,'1','12','Hochschulen',1,'Verheiratetentarif',50.4,99.9,203.5),(2006,12,'2','12','Hochschulen',2,'Einelternfamilientarif',0,0,0),(2006,13,'0','13','Lindenhof',0,'Grundtarif',22.3,52.4,91.95),(2006,13,'1','13','Lindenhof',1,'Verheiratetentarif',70.9,116.7,193.8),(2006,13,'2','13','Lindenhof',2,'Einelternfamilientarif',0,0,0),(2006,14,'0','14','City',0,'Grundtarif',8,35.8,77.2),(2006,14,'1','14','City',1,'Verheiratetentarif',57.3,85.7,131.1),(2006,14,'2','14','City',2,'Einelternfamilientarif',0,0,0),(2006,21,'0','21','Wollishofen',0,'Grundtarif',19.4,39.5,61.6),(2006,21,'1','21','Wollishofen',1,'Verheiratetentarif',52,74.3,112.2),(2006,21,'2','21','Wollishofen',2,'Einelternfamilientarif',22.8,38.55,60.85),(2006,23,'0','23','Leimbach',0,'Grundtarif',19.6,35.6,55.2),(2006,23,'1','23','Leimbach',1,'Verheiratetentarif',46.5,69.2,97.1),(2006,23,'2','23','Leimbach',2,'Einelternfamilientarif',20.15,39.1,58.4),(2006,24,'0','24','Enge',0,'Grundtarif',23.6,50,79.8),(2006,24,'1','24','Enge',1,'Verheiratetentarif',58.3,97.3,162.7),(2006,24,'2','24','Enge',2,'Einelternfamilientarif',24.6,50.4,91.2),(2006,31,'0','31','Alt-Wiedikon',0,'Grundtarif',22.6,43.9,65.8),(2006,31,'1','31','Alt-Wiedikon',1,'Verheiratetentarif',39.2,65.4,103.1),(2006,31,'2','31','Alt-Wiedikon',2,'Einelternfamilientarif',20,41.2,63.9),(2006,33,'0','33','Friesenberg',0,'Grundtarif',9.7,28.9,48.3),(2006,33,'1','33','Friesenberg',1,'Verheiratetentarif',44.65,62.1,84.85),(2006,33,'2','33','Friesenberg',2,'Einelternfamilientarif',20,36.7,51.6),(2006,34,'0','34','Sihlfeld',0,'Grundtarif',18.7,36.9,55.8),(2006,34,'1','34','Sihlfeld',1,'Verheiratetentarif',35.65,54.5,77.55),(2006,34,'2','34','Sihlfeld',2,'Einelternfamilientarif',14.2,31.4,48),(2006,41,'0','41','Werd',0,'Grundtarif',19.65,41.05,63.1),(2006,41,'1','41','Werd',1,'Verheiratetentarif',28.9,56.7,92.7),(2006,41,'2','41','Werd',2,'Einelternfamilientarif',26.6,43.8,72.2),(2006,42,'0','42','Langstrasse',0,'Grundtarif',15.8,35.3,57.3),(2006,42,'1','42','Langstrasse',1,'Verheiratetentarif',30,49.2,73.4),(2006,42,'2','42','Langstrasse',2,'Einelternfamilientarif',14.4,32.9,57),(2006,44,'0','44','Hard',0,'Grundtarif',15.2,29.8,46.5),(2006,44,'1','44','Hard',1,'Verheiratetentarif',33.4,50.2,68.5),(2006,44,'2','44','Hard',2,'Einelternfamilientarif',8.6,26,40.8),(2006,51,'0','51','Gewerbeschule',0,'Grundtarif',19.1,38.3,59.8),(2006,51,'1','51','Gewerbeschule',1,'Verheiratetentarif',37,56.2,75.8),(2006,51,'2','51','Gewerbeschule',2,'Einelternfamilientarif',19.25,34.4,51.5),(2006,52,'0','52','Escher Wyss',0,'Grundtarif',27.6,50.65,75.2),(2006,52,'1','52','Escher Wyss',1,'Verheiratetentarif',48.1,75.5,121.4),(2006,52,'2','52','Escher Wyss',2,'Einelternfamilientarif',20,41.5,66.85),(2006,61,'0','61','Unterstrass',0,'Grundtarif',21.2,41.4,65.1),(2006,61,'1','61','Unterstrass',1,'Verheiratetentarif',49.9,71.25,106.3),(2006,61,'2','61','Unterstrass',2,'Einelternfamilientarif',22.8,38.5,58.3),(2006,63,'0','63','Oberstrass',0,'Grundtarif',22.3,48.9,78.45),(2006,63,'1','63','Oberstrass',1,'Verheiratetentarif',70.1,110.3,181),(2006,63,'2','63','Oberstrass',2,'Einelternfamilientarif',29.55,54.75,91.1),(2006,71,'0','71','Fluntern',0,'Grundtarif',18,52.95,93.1),(2006,71,'1','71','Fluntern',1,'Verheiratetentarif',81.9,141.5,250.7),(2006,71,'2','71','Fluntern',2,'Einelternfamilientarif',38.8,63.4,102.2),(2006,72,'0','72','Hottingen',0,'Grundtarif',20.6,48.05,80),(2006,72,'1','72','Hottingen',1,'Verheiratetentarif',71.3,120.5,205.5),(2006,72,'2','72','Hottingen',2,'Einelternfamilientarif',36.4,58.35,96.3),(2006,73,'0','73','Hirslanden',0,'Grundtarif',20.75,43.5,69.25),(2006,73,'1','73','Hirslanden',1,'Verheiratetentarif',60.1,95.75,169.8),(2006,73,'2','73','Hirslanden',2,'Einelternfamilientarif',30.75,52.05,80.95),(2006,74,'0','74','Witikon',0,'Grundtarif',20,44.4,69.95),(2006,74,'1','74','Witikon',1,'Verheiratetentarif',59.8,91.5,142.2),(2006,74,'2','74','Witikon',2,'Einelternfamilientarif',32.6,55.9,84.6),(2006,81,'0','81','Seefeld',0,'Grundtarif',25.4,52,81.3),(2006,81,'1','81','Seefeld',1,'Verheiratetentarif',60.5,100,158.9),(2006,81,'2','81','Seefeld',2,'Einelternfamilientarif',31.05,48.8,73.85),(2006,82,'0','82','Mühlebach',0,'Grundtarif',22,47.55,75.55),(2006,82,'1','82','Mühlebach',1,'Verheiratetentarif',58.1,94.1,146.2),(2006,82,'2','82','Mühlebach',2,'Einelternfamilientarif',30.6,49.6,71.4),(2006,83,'0','83','Weinegg',0,'Grundtarif',17.9,44.6,68.6),(2006,83,'1','83','Weinegg',1,'Verheiratetentarif',59.3,88.2,152.1),(2006,83,'2','83','Weinegg',2,'Einelternfamilientarif',31.6,43.6,74.3),(2006,91,'0','91','Albisrieden',0,'Grundtarif',20,37.3,56.2),(2006,91,'1','91','Albisrieden',1,'Verheiratetentarif',45.7,65.3,92),(2006,91,'2','91','Albisrieden',2,'Einelternfamilientarif',18.95,37.1,56.75),(2006,92,'0','92','Altstetten',0,'Grundtarif',18.7,36.6,54.3),(2006,92,'1','92','Altstetten',1,'Verheiratetentarif',41.5,59.9,82.2),(2006,92,'2','92','Altstetten',2,'Einelternfamilientarif',17.4,32.7,49.8),(2006,101,'0','101','Höngg',0,'Grundtarif',23.5,45.8,68.4),(2006,101,'1','101','Höngg',1,'Verheiratetentarif',56.8,81.35,121.25),(2006,101,'2','101','Höngg',2,'Einelternfamilientarif',23,41.4,63.4),(2006,102,'0','102','Wipkingen',0,'Grundtarif',20.2,40.6,61.2),(2006,102,'1','102','Wipkingen',1,'Verheiratetentarif',43.6,65.25,92.6),(2006,102,'2','102','Wipkingen',2,'Einelternfamilientarif',23.8,40.15,56.5),(2006,111,'0','111','Affoltern',0,'Grundtarif',17.8,35,52.6),(2006,111,'1','111','Affoltern',1,'Verheiratetentarif',43.3,62.9,86.2),(2006,111,'2','111','Affoltern',2,'Einelternfamilientarif',14.2,33.5,49.2),(2006,115,'0','115','Oerlikon',0,'Grundtarif',20.1,41.4,63.1),(2006,115,'1','115','Oerlikon',1,'Verheiratetentarif',45.7,69.9,102.4),(2006,115,'2','115','Oerlikon',2,'Einelternfamilientarif',19.35,37.8,62.4),(2006,119,'0','119','Seebach',0,'Grundtarif',17.2,34.6,53.6),(2006,119,'1','119','Seebach',1,'Verheiratetentarif',39.15,59.5,83.2),(2006,119,'2','119','Seebach',2,'Einelternfamilientarif',11.8,32.6,49.1),(2006,121,'0','121','Saatlen',0,'Grundtarif',15,30.95,45.65),(2006,121,'1','121','Saatlen',1,'Verheiratetentarif',37,54.9,74.9),(2006,121,'2','121','Saatlen',2,'Einelternfamilientarif',13.8,30.85,44.45),(2006,122,'0','122','Schwamendingen-Mitte',0,'Grundtarif',16.5,30.8,47.6),(2006,122,'1','122','Schwamendingen-Mitte',1,'Verheiratetentarif',36.5,54.6,76),(2006,122,'2','122','Schwamendingen-Mitte',2,'Einelternfamilientarif',5.7,24.9,41.3),(2006,123,'0','123','Hirzenbach',0,'Grundtarif',14.5,29.3,43.6),(2006,123,'1','123','Hirzenbach',1,'Verheiratetentarif',37.5,55.75,73.4),(2006,123,'2','123','Hirzenbach',2,'Einelternfamilientarif',7.8,29.55,41.4),(2007,11,'0','11','Rathaus',0,'Grundtarif',20,47.15,80.95),(2007,11,'1','11','Rathaus',1,'Verheiratetentarif',65.4,111.15,171.6),(2007,11,'2','11','Rathaus',2,'Einelternfamilientarif',19,44.6,83.6),(2007,12,'0','12','Hochschulen',0,'Grundtarif',16.5,40,72.5),(2007,12,'1','12','Hochschulen',1,'Verheiratetentarif',56.3,107.3,247.25),(2007,12,'2','12','Hochschulen',2,'Einelternfamilientarif',0,0,0),(2007,13,'0','13','Lindenhof',0,'Grundtarif',22.9,54,101),(2007,13,'1','13','Lindenhof',1,'Verheiratetentarif',89.9,125.8,205),(2007,13,'2','13','Lindenhof',2,'Einelternfamilientarif',0,0,0),(2007,14,'0','14','City',0,'Grundtarif',11.8,39.8,80),(2007,14,'1','14','City',1,'Verheiratetentarif',49.6,87.7,136.2),(2007,14,'2','14','City',2,'Einelternfamilientarif',0,0,0),(2007,21,'0','21','Wollishofen',0,'Grundtarif',19.9,40.8,63.3),(2007,21,'1','21','Wollishofen',1,'Verheiratetentarif',53.9,78.25,119.7),(2007,21,'2','21','Wollishofen',2,'Einelternfamilientarif',25,40.5,64.9),(2007,23,'0','23','Leimbach',0,'Grundtarif',20.4,37.45,56),(2007,23,'1','23','Leimbach',1,'Verheiratetentarif',49.6,71.6,100.7),(2007,23,'2','23','Leimbach',2,'Einelternfamilientarif',22.3,40.4,61.5),(2007,24,'0','24','Enge',0,'Grundtarif',25.4,52.65,87.1),(2007,24,'1','24','Enge',1,'Verheiratetentarif',62.2,101.75,171.9),(2007,24,'2','24','Enge',2,'Einelternfamilientarif',23.2,52.5,97.7),(2007,31,'0','31','Alt-Wiedikon',0,'Grundtarif',24.1,45.1,68.3),(2007,31,'1','31','Alt-Wiedikon',1,'Verheiratetentarif',41.4,69.45,110.6),(2007,31,'2','31','Alt-Wiedikon',2,'Einelternfamilientarif',23.3,42.25,70.1),(2007,33,'0','33','Friesenberg',0,'Grundtarif',10.4,30,50.05),(2007,33,'1','33','Friesenberg',1,'Verheiratetentarif',47.1,64.8,89.3),(2007,33,'2','33','Friesenberg',2,'Einelternfamilientarif',24.7,37.6,54.4),(2007,34,'0','34','Sihlfeld',0,'Grundtarif',20,38.9,58.1),(2007,34,'1','34','Sihlfeld',1,'Verheiratetentarif',35.6,56.3,78.5),(2007,34,'2','34','Sihlfeld',2,'Einelternfamilientarif',16.2,32,48.8),(2007,41,'0','41','Werd',0,'Grundtarif',20.2,42.6,67.8),(2007,41,'1','41','Werd',1,'Verheiratetentarif',34.9,61.4,99.9),(2007,41,'2','41','Werd',2,'Einelternfamilientarif',23,33.55,56.3),(2007,42,'0','42','Langstrasse',0,'Grundtarif',16.6,36,60),(2007,42,'1','42','Langstrasse',1,'Verheiratetentarif',31.2,50.5,78.2),(2007,42,'2','42','Langstrasse',2,'Einelternfamilientarif',10,31.7,50.4),(2007,44,'0','44','Hard',0,'Grundtarif',16.3,31.1,48),(2007,44,'1','44','Hard',1,'Verheiratetentarif',33.9,52.15,70.2),(2007,44,'2','44','Hard',2,'Einelternfamilientarif',7.7,26.9,41.6),(2007,51,'0','51','Gewerbeschule',0,'Grundtarif',20,40,61.8),(2007,51,'1','51','Gewerbeschule',1,'Verheiratetentarif',37.2,58,80.1),(2007,51,'2','51','Gewerbeschule',2,'Einelternfamilientarif',16.75,35.7,54.55),(2007,52,'0','52','Escher Wyss',0,'Grundtarif',29.9,54,79.95),(2007,52,'1','52','Escher Wyss',1,'Verheiratetentarif',48.2,74.2,134.75),(2007,52,'2','52','Escher Wyss',2,'Einelternfamilientarif',24.9,47.5,67.8),(2007,61,'0','61','Unterstrass',0,'Grundtarif',22.2,44,67.9),(2007,61,'1','61','Unterstrass',1,'Verheiratetentarif',50.8,74,111.4),(2007,61,'2','61','Unterstrass',2,'Einelternfamilientarif',25.5,42.3,61.7),(2007,63,'0','63','Oberstrass',0,'Grundtarif',23.5,50.6,82.2),(2007,63,'1','63','Oberstrass',1,'Verheiratetentarif',72,114.5,188.2),(2007,63,'2','63','Oberstrass',2,'Einelternfamilientarif',34.55,56.2,99.35),(2007,71,'0','71','Fluntern',0,'Grundtarif',19.8,56.25,96.8),(2007,71,'1','71','Fluntern',1,'Verheiratetentarif',84.8,148.1,257),(2007,71,'2','71','Fluntern',2,'Einelternfamilientarif',41.45,66.2,132.2),(2007,72,'0','72','Hottingen',0,'Grundtarif',21.8,50.3,86.4),(2007,72,'1','72','Hottingen',1,'Verheiratetentarif',75.65,128.25,217.55),(2007,72,'2','72','Hottingen',2,'Einelternfamilientarif',35,60,102.4),(2007,73,'0','73','Hirslanden',0,'Grundtarif',21.4,45.3,72.1),(2007,73,'1','73','Hirslanden',1,'Verheiratetentarif',60.9,100,170.5),(2007,73,'2','73','Hirslanden',2,'Einelternfamilientarif',29.6,51.5,91.3),(2007,74,'0','74','Witikon',0,'Grundtarif',20.5,46.1,73),(2007,74,'1','74','Witikon',1,'Verheiratetentarif',63.95,96.3,147.4),(2007,74,'2','74','Witikon',2,'Einelternfamilientarif',35.6,58.2,86.6),(2007,81,'0','81','Seefeld',0,'Grundtarif',28,55.7,88.4),(2007,81,'1','81','Seefeld',1,'Verheiratetentarif',60.8,100.9,168.5),(2007,81,'2','81','Seefeld',2,'Einelternfamilientarif',29.2,52.7,87.1),(2007,82,'0','82','Mühlebach',0,'Grundtarif',23.6,50.1,83),(2007,82,'1','82','Mühlebach',1,'Verheiratetentarif',61.8,97.9,155.4),(2007,82,'2','82','Mühlebach',2,'Einelternfamilientarif',29.7,50.8,74.85),(2007,83,'0','83','Weinegg',0,'Grundtarif',17.9,45.45,71.4),(2007,83,'1','83','Weinegg',1,'Verheiratetentarif',64.2,94.4,163.4),(2007,83,'2','83','Weinegg',2,'Einelternfamilientarif',31.7,47.3,78.7),(2007,91,'0','91','Albisrieden',0,'Grundtarif',21,39.3,59.3),(2007,91,'1','91','Albisrieden',1,'Verheiratetentarif',47.3,68.8,96.4),(2007,91,'2','91','Albisrieden',2,'Einelternfamilientarif',23.9,40.7,59.6),(2007,92,'0','92','Altstetten',0,'Grundtarif',19.8,37.8,56),(2007,92,'1','92','Altstetten',1,'Verheiratetentarif',43.3,62.1,84.9),(2007,92,'2','92','Altstetten',2,'Einelternfamilientarif',16.6,34.4,50.3),(2007,101,'0','101','Höngg',0,'Grundtarif',23.7,46.85,70.4),(2007,101,'1','101','Höngg',1,'Verheiratetentarif',59.5,84.7,128.5),(2007,101,'2','101','Höngg',2,'Einelternfamilientarif',25.9,44.35,66.7),(2007,102,'0','102','Wipkingen',0,'Grundtarif',21.7,42.1,63.5),(2007,102,'1','102','Wipkingen',1,'Verheiratetentarif',45.8,67.4,98.5),(2007,102,'2','102','Wipkingen',2,'Einelternfamilientarif',23,40.7,58.8),(2007,111,'0','111','Affoltern',0,'Grundtarif',19.3,36.2,54.1),(2007,111,'1','111','Affoltern',1,'Verheiratetentarif',45.3,65.1,88.8),(2007,111,'2','111','Affoltern',2,'Einelternfamilientarif',15,33.2,49.7),(2007,115,'0','115','Oerlikon',0,'Grundtarif',21.5,43.25,65.9),(2007,115,'1','115','Oerlikon',1,'Verheiratetentarif',47.15,73.2,110),(2007,115,'2','115','Oerlikon',2,'Einelternfamilientarif',21,40,58.2),(2007,119,'0','119','Seebach',0,'Grundtarif',17.8,36,55.4),(2007,119,'1','119','Seebach',1,'Verheiratetentarif',40.8,61.8,85.4),(2007,119,'2','119','Seebach',2,'Einelternfamilientarif',13.7,30.6,50),(2007,121,'0','121','Saatlen',0,'Grundtarif',15.2,31.95,48),(2007,121,'1','121','Saatlen',1,'Verheiratetentarif',38,57.4,76.4),(2007,121,'2','121','Saatlen',2,'Einelternfamilientarif',16.15,30.9,45.8),(2007,122,'0','122','Schwamendingen-Mitte',0,'Grundtarif',17,31.5,48),(2007,122,'1','122','Schwamendingen-Mitte',1,'Verheiratetentarif',37,55.7,77),(2007,122,'2','122','Schwamendingen-Mitte',2,'Einelternfamilientarif',6,27,41.6),(2007,123,'0','123','Hirzenbach',0,'Grundtarif',15,30.25,44.7),(2007,123,'1','123','Hirzenbach',1,'Verheiratetentarif',39.4,57.7,75.6),(2007,123,'2','123','Hirzenbach',2,'Einelternfamilientarif',10,29.7,45.3),(2008,11,'0','11','Rathaus',0,'Grundtarif',20.6,49.3,86),(2008,11,'1','11','Rathaus',1,'Verheiratetentarif',69.5,118.65,182.65),(2008,11,'2','11','Rathaus',2,'Einelternfamilientarif',23.95,43.65,83.8),(2008,12,'0','12','Hochschulen',0,'Grundtarif',16.9,39,73.8),(2008,12,'1','12','Hochschulen',1,'Verheiratetentarif',59.9,118.25,259.8),(2008,12,'2','12','Hochschulen',2,'Einelternfamilientarif',0,0,0),(2008,13,'0','13','Lindenhof',0,'Grundtarif',22.8,56.35,105.05),(2008,13,'1','13','Lindenhof',1,'Verheiratetentarif',90.3,130.85,209.85),(2008,13,'2','13','Lindenhof',2,'Einelternfamilientarif',0,0,0),(2008,14,'0','14','City',0,'Grundtarif',12.1,41.8,89),(2008,14,'1','14','City',1,'Verheiratetentarif',55.4,87,131.9),(2008,14,'2','14','City',2,'Einelternfamilientarif',35.3,52,93.5),(2008,21,'0','21','Wollishofen',0,'Grundtarif',20.9,42.2,66.3),(2008,21,'1','21','Wollishofen',1,'Verheiratetentarif',55.95,80.95,125.75),(2008,21,'2','21','Wollishofen',2,'Einelternfamilientarif',25.8,43.6,65.5),(2008,23,'0','23','Leimbach',0,'Grundtarif',20.6,38.4,58.4),(2008,23,'1','23','Leimbach',1,'Verheiratetentarif',49.45,74.25,104.9),(2008,23,'2','23','Leimbach',2,'Einelternfamilientarif',17.1,44.7,64.2),(2008,24,'0','24','Enge',0,'Grundtarif',26.4,55.1,90.2),(2008,24,'1','24','Enge',1,'Verheiratetentarif',66.4,113.6,190.1),(2008,24,'2','24','Enge',2,'Einelternfamilientarif',25.9,52.25,92.9),(2008,31,'0','31','Alt-Wiedikon',0,'Grundtarif',24.5,47.7,71.6),(2008,31,'1','31','Alt-Wiedikon',1,'Verheiratetentarif',43.2,73.8,116.3),(2008,31,'2','31','Alt-Wiedikon',2,'Einelternfamilientarif',22,46.1,71.1),(2008,33,'0','33','Friesenberg',0,'Grundtarif',10.8,30.45,51),(2008,33,'1','33','Friesenberg',1,'Verheiratetentarif',47.6,65.9,92.9),(2008,33,'2','33','Friesenberg',2,'Einelternfamilientarif',24.6,38.4,52.9),(2008,34,'0','34','Sihlfeld',0,'Grundtarif',20,39.8,60),(2008,34,'1','34','Sihlfeld',1,'Verheiratetentarif',37.3,58.85,81.3),(2008,34,'2','34','Sihlfeld',2,'Einelternfamilientarif',17,33.1,49.1),(2008,41,'0','41','Werd',0,'Grundtarif',21.5,44.5,70.9),(2008,41,'1','41','Werd',1,'Verheiratetentarif',33.1,61.3,100),(2008,41,'2','41','Werd',2,'Einelternfamilientarif',20,37.8,62.4),(2008,42,'0','42','Langstrasse',0,'Grundtarif',18.2,38.8,62.8),(2008,42,'1','42','Langstrasse',1,'Verheiratetentarif',32.6,52.55,83.6),(2008,42,'2','42','Langstrasse',2,'Einelternfamilientarif',11.45,33.6,55.25),(2008,44,'0','44','Hard',0,'Grundtarif',17,32.7,50),(2008,44,'1','44','Hard',1,'Verheiratetentarif',36,52.7,71.85),(2008,44,'2','44','Hard',2,'Einelternfamilientarif',14.3,27.8,41),(2008,51,'0','51','Gewerbeschule',0,'Grundtarif',20.65,41.9,64),(2008,51,'1','51','Gewerbeschule',1,'Verheiratetentarif',38.45,59.2,84.6),(2008,51,'2','51','Gewerbeschule',2,'Einelternfamilientarif',13.9,36.6,60),(2008,52,'0','52','Escher Wyss',0,'Grundtarif',32,55.95,83.4),(2008,52,'1','52','Escher Wyss',1,'Verheiratetentarif',51.2,80.05,130.5),(2008,52,'2','52','Escher Wyss',2,'Einelternfamilientarif',31.4,58.3,84.3),(2008,61,'0','61','Unterstrass',0,'Grundtarif',22.6,46,70.1),(2008,61,'1','61','Unterstrass',1,'Verheiratetentarif',52,77.25,117.6),(2008,61,'2','61','Unterstrass',2,'Einelternfamilientarif',25.95,43.5,64.8),(2008,63,'0','63','Oberstrass',0,'Grundtarif',24,52.2,85.9),(2008,63,'1','63','Oberstrass',1,'Verheiratetentarif',76.05,121.4,199.9),(2008,63,'2','63','Oberstrass',2,'Einelternfamilientarif',39.6,64.55,107.4),(2008,71,'0','71','Fluntern',0,'Grundtarif',21.8,59.6,101.2),(2008,71,'1','71','Fluntern',1,'Verheiratetentarif',89.3,153.6,275.5),(2008,71,'2','71','Fluntern',2,'Einelternfamilientarif',47.6,75.3,126.6),(2008,72,'0','72','Hottingen',0,'Grundtarif',22,52.3,90),(2008,72,'1','72','Hottingen',1,'Verheiratetentarif',77.45,131.65,231.3),(2008,72,'2','72','Hottingen',2,'Einelternfamilientarif',39.5,64.3,109.4),(2008,73,'0','73','Hirslanden',0,'Grundtarif',22.3,47,75.8),(2008,73,'1','73','Hirslanden',1,'Verheiratetentarif',64.4,104.2,175.2),(2008,73,'2','73','Hirslanden',2,'Einelternfamilientarif',33.6,52.9,84.7),(2008,74,'0','74','Witikon',0,'Grundtarif',20.6,45.6,74.7),(2008,74,'1','74','Witikon',1,'Verheiratetentarif',67.1,101.85,158.6),(2008,74,'2','74','Witikon',2,'Einelternfamilientarif',36.6,60.45,91.1),(2008,81,'0','81','Seefeld',0,'Grundtarif',29.8,57.8,94.3),(2008,81,'1','81','Seefeld',1,'Verheiratetentarif',62.2,109.5,175.8),(2008,81,'2','81','Seefeld',2,'Einelternfamilientarif',32.1,51.7,89.4),(2008,82,'0','82','Mühlebach',0,'Grundtarif',24.6,51.9,85.4),(2008,82,'1','82','Mühlebach',1,'Verheiratetentarif',64.8,101.9,171.1),(2008,82,'2','82','Mühlebach',2,'Einelternfamilientarif',30.8,50.7,75.9),(2008,83,'0','83','Weinegg',0,'Grundtarif',18.3,46.85,74.55),(2008,83,'1','83','Weinegg',1,'Verheiratetentarif',67.7,100.7,169.9),(2008,83,'2','83','Weinegg',2,'Einelternfamilientarif',32.8,48,78.3),(2008,91,'0','91','Albisrieden',0,'Grundtarif',22.1,40.7,61.4),(2008,91,'1','91','Albisrieden',1,'Verheiratetentarif',50,70.9,102.05),(2008,91,'2','91','Albisrieden',2,'Einelternfamilientarif',26.6,44.4,64.9),(2008,92,'0','92','Altstetten',0,'Grundtarif',20,39.6,58.5),(2008,92,'1','92','Altstetten',1,'Verheiratetentarif',44.3,63.8,87.65),(2008,92,'2','92','Altstetten',2,'Einelternfamilientarif',18.4,34.8,50.2),(2008,101,'0','101','Höngg',0,'Grundtarif',24.9,48.3,73.2),(2008,101,'1','101','Höngg',1,'Verheiratetentarif',60.5,88.4,131.8),(2008,101,'2','101','Höngg',2,'Einelternfamilientarif',26.2,46.3,68),(2008,102,'0','102','Wipkingen',0,'Grundtarif',22.5,43.7,66),(2008,102,'1','102','Wipkingen',1,'Verheiratetentarif',47.1,69,102.1),(2008,102,'2','102','Wipkingen',2,'Einelternfamilientarif',25.9,44.45,64.4),(2008,111,'0','111','Affoltern',0,'Grundtarif',19.9,38.1,57.3),(2008,111,'1','111','Affoltern',1,'Verheiratetentarif',46.5,67.2,92.7),(2008,111,'2','111','Affoltern',2,'Einelternfamilientarif',19.2,36.1,54.5),(2008,115,'0','115','Oerlikon',0,'Grundtarif',21.8,44.5,68.2),(2008,115,'1','115','Oerlikon',1,'Verheiratetentarif',49.1,76,113.7),(2008,115,'2','115','Oerlikon',2,'Einelternfamilientarif',24,44.3,65.3),(2008,119,'0','119','Seebach',0,'Grundtarif',18.9,37.7,58),(2008,119,'1','119','Seebach',1,'Verheiratetentarif',41.8,63.1,87.7),(2008,119,'2','119','Seebach',2,'Einelternfamilientarif',15,34.4,50.7),(2008,121,'0','121','Saatlen',0,'Grundtarif',15,32.2,49.3),(2008,121,'1','121','Saatlen',1,'Verheiratetentarif',40.3,59.2,79.7),(2008,121,'2','121','Saatlen',2,'Einelternfamilientarif',18.5,30.6,46.4),(2008,122,'0','122','Schwamendingen-Mitte',0,'Grundtarif',17,32.7,49.9),(2008,122,'1','122','Schwamendingen-Mitte',1,'Verheiratetentarif',38.3,56.6,79),(2008,122,'2','122','Schwamendingen-Mitte',2,'Einelternfamilientarif',4,25.75,40.2),(2008,123,'0','123','Hirzenbach',0,'Grundtarif',14.9,30.5,45.9),(2008,123,'1','123','Hirzenbach',1,'Verheiratetentarif',39.8,58.6,78.1),(2008,123,'2','123','Hirzenbach',2,'Einelternfamilientarif',13.6,30,44.9),(2009,11,'0','11','Rathaus',0,'Grundtarif',21.35,49.3,85.2),(2009,11,'1','11','Rathaus',1,'Verheiratetentarif',70.9,115.05,179.9),(2009,11,'2','11','Rathaus',2,'Einelternfamilientarif',30.2,50.8,87.6),(2009,12,'0','12','Hochschulen',0,'Grundtarif',17.6,39.4,70),(2009,12,'1','12','Hochschulen',1,'Verheiratetentarif',63.3,127.4,239.3),(2009,12,'2','12','Hochschulen',2,'Einelternfamilientarif',0,0,0),(2009,13,'0','13','Lindenhof',0,'Grundtarif',23.7,56.8,104.6),(2009,13,'1','13','Lindenhof',1,'Verheiratetentarif',90.6,130.5,224),(2009,13,'2','13','Lindenhof',2,'Einelternfamilientarif',0,0,0),(2009,14,'0','14','City',0,'Grundtarif',9.95,41.25,96.1),(2009,14,'1','14','City',1,'Verheiratetentarif',51,116.8,169),(2009,14,'2','14','City',2,'Einelternfamilientarif',0,0,0),(2009,21,'0','21','Wollishofen',0,'Grundtarif',20.3,42.7,67.2),(2009,21,'1','21','Wollishofen',1,'Verheiratetentarif',56.8,84.25,128.3),(2009,21,'2','21','Wollishofen',2,'Einelternfamilientarif',25.2,43.9,63.9),(2009,23,'0','23','Leimbach',0,'Grundtarif',20,37.7,57.7),(2009,23,'1','23','Leimbach',1,'Verheiratetentarif',51.25,77.45,107.2),(2009,23,'2','23','Leimbach',2,'Einelternfamilientarif',20.1,41.35,65.45),(2009,24,'0','24','Enge',0,'Grundtarif',25.6,55.2,90.1),(2009,24,'1','24','Enge',1,'Verheiratetentarif',68,113.4,185.7),(2009,24,'2','24','Enge',2,'Einelternfamilientarif',33.25,51.75,84.25),(2009,31,'0','31','Alt-Wiedikon',0,'Grundtarif',25.4,48.8,72.9),(2009,31,'1','31','Alt-Wiedikon',1,'Verheiratetentarif',47.3,76.7,123.7),(2009,31,'2','31','Alt-Wiedikon',2,'Einelternfamilientarif',25.1,49.8,76.1),(2009,33,'0','33','Friesenberg',0,'Grundtarif',11,31.4,52.7),(2009,33,'1','33','Friesenberg',1,'Verheiratetentarif',47.5,68.4,94.6),(2009,33,'2','33','Friesenberg',2,'Einelternfamilientarif',24.2,39.8,56.7),(2009,34,'0','34','Sihlfeld',0,'Grundtarif',20.4,40.3,61.45),(2009,34,'1','34','Sihlfeld',1,'Verheiratetentarif',38,59.4,82.1),(2009,34,'2','34','Sihlfeld',2,'Einelternfamilientarif',14.8,33.8,51.3),(2009,41,'0','41','Werd',0,'Grundtarif',22.7,45,72.8),(2009,41,'1','41','Werd',1,'Verheiratetentarif',38,63.1,106.4),(2009,41,'2','41','Werd',2,'Einelternfamilientarif',16.35,39.75,63.4),(2009,42,'0','42','Langstrasse',0,'Grundtarif',17.3,39.2,63.7),(2009,42,'1','42','Langstrasse',1,'Verheiratetentarif',33.7,54.8,85.9),(2009,42,'2','42','Langstrasse',2,'Einelternfamilientarif',13.5,36.45,58.2),(2009,44,'0','44','Hard',0,'Grundtarif',17,32.6,50.6),(2009,44,'1','44','Hard',1,'Verheiratetentarif',36.6,54,73.4),(2009,44,'2','44','Hard',2,'Einelternfamilientarif',12.3,29.8,45.6),(2009,51,'0','51','Gewerbeschule',0,'Grundtarif',20,41.3,65.1),(2009,51,'1','51','Gewerbeschule',1,'Verheiratetentarif',39.1,60.05,85.75),(2009,51,'2','51','Gewerbeschule',2,'Einelternfamilientarif',20,41.6,60.7),(2009,52,'0','52','Escher Wyss',0,'Grundtarif',29.6,55.5,84.7),(2009,52,'1','52','Escher Wyss',1,'Verheiratetentarif',55.8,89.6,136.4),(2009,52,'2','52','Escher Wyss',2,'Einelternfamilientarif',30,50.2,85.2),(2009,61,'0','61','Unterstrass',0,'Grundtarif',22.6,46.15,71.1),(2009,61,'1','61','Unterstrass',1,'Verheiratetentarif',53.9,80.25,121.6),(2009,61,'2','61','Unterstrass',2,'Einelternfamilientarif',26.3,43,68.8),(2009,63,'0','63','Oberstrass',0,'Grundtarif',24.4,52.1,85.85),(2009,63,'1','63','Oberstrass',1,'Verheiratetentarif',79.9,127.5,199.4),(2009,63,'2','63','Oberstrass',2,'Einelternfamilientarif',39.5,64.7,111.7),(2009,71,'0','71','Fluntern',0,'Grundtarif',19.8,56.9,99.4),(2009,71,'1','71','Fluntern',1,'Verheiratetentarif',95,154.65,257.3),(2009,71,'2','71','Fluntern',2,'Einelternfamilientarif',42.5,76.9,124.6),(2009,72,'0','72','Hottingen',0,'Grundtarif',21.4,51.1,89.5),(2009,72,'1','72','Hottingen',1,'Verheiratetentarif',77.1,133,235.1),(2009,72,'2','72','Hottingen',2,'Einelternfamilientarif',37,68.7,114.5),(2009,73,'0','73','Hirslanden',0,'Grundtarif',21.9,46.6,75.6),(2009,73,'1','73','Hirslanden',1,'Verheiratetentarif',67.6,109.55,182.4),(2009,73,'2','73','Hirslanden',2,'Einelternfamilientarif',35.4,57.3,84.4),(2009,74,'0','74','Witikon',0,'Grundtarif',21.2,47.25,75.3),(2009,74,'1','74','Witikon',1,'Verheiratetentarif',68.75,103.95,158.4),(2009,74,'2','74','Witikon',2,'Einelternfamilientarif',35.4,63.3,98.3),(2009,81,'0','81','Seefeld',0,'Grundtarif',29.5,58.25,94.1),(2009,81,'1','81','Seefeld',1,'Verheiratetentarif',64.3,112.2,180),(2009,81,'2','81','Seefeld',2,'Einelternfamilientarif',37.6,66.8,101),(2009,82,'0','82','Mühlebach',0,'Grundtarif',24.15,54.4,87.95),(2009,82,'1','82','Mühlebach',1,'Verheiratetentarif',68.5,112,169),(2009,82,'2','82','Mühlebach',2,'Einelternfamilientarif',28.2,51.5,86.1),(2009,83,'0','83','Weinegg',0,'Grundtarif',19.4,47.3,75.4),(2009,83,'1','83','Weinegg',1,'Verheiratetentarif',67.1,101.2,165),(2009,83,'2','83','Weinegg',2,'Einelternfamilientarif',33,55.2,88.1),(2009,91,'0','91','Albisrieden',0,'Grundtarif',22.6,41.9,62.5),(2009,91,'1','91','Albisrieden',1,'Verheiratetentarif',51,73.75,104.1),(2009,91,'2','91','Albisrieden',2,'Einelternfamilientarif',27.1,44.3,66.55),(2009,92,'0','92','Altstetten',0,'Grundtarif',20.1,40,58.9),(2009,92,'1','92','Altstetten',1,'Verheiratetentarif',44.7,64.8,89),(2009,92,'2','92','Altstetten',2,'Einelternfamilientarif',19.5,35.8,52.9),(2009,101,'0','101','Höngg',0,'Grundtarif',24.7,48.6,73.55),(2009,101,'1','101','Höngg',1,'Verheiratetentarif',62.6,90.65,135.5),(2009,101,'2','101','Höngg',2,'Einelternfamilientarif',29.8,49.55,73.5),(2009,102,'0','102','Wipkingen',0,'Grundtarif',22.7,44.1,66.1),(2009,102,'1','102','Wipkingen',1,'Verheiratetentarif',49.25,72.2,109.2),(2009,102,'2','102','Wipkingen',2,'Einelternfamilientarif',27.3,46.7,68.1),(2009,111,'0','111','Affoltern',0,'Grundtarif',19.7,38.8,57.7),(2009,111,'1','111','Affoltern',1,'Verheiratetentarif',48.3,68.85,94.4),(2009,111,'2','111','Affoltern',2,'Einelternfamilientarif',20,37.2,57.15),(2009,115,'0','115','Oerlikon',0,'Grundtarif',21.3,45,68.9),(2009,115,'1','115','Oerlikon',1,'Verheiratetentarif',49.5,78.3,117),(2009,115,'2','115','Oerlikon',2,'Einelternfamilientarif',25.5,44.8,67.9),(2009,119,'0','119','Seebach',0,'Grundtarif',18.2,37.4,58.8),(2009,119,'1','119','Seebach',1,'Verheiratetentarif',42.7,65,90.5),(2009,119,'2','119','Seebach',2,'Einelternfamilientarif',15.4,35.1,54.1),(2009,121,'0','121','Saatlen',0,'Grundtarif',14.9,32.8,50.1),(2009,121,'1','121','Saatlen',1,'Verheiratetentarif',40,59.95,81.65),(2009,121,'2','121','Saatlen',2,'Einelternfamilientarif',17.6,31.45,46.7),(2009,122,'0','122','Schwamendingen-Mitte',0,'Grundtarif',17.1,32.95,50.8),(2009,122,'1','122','Schwamendingen-Mitte',1,'Verheiratetentarif',38.8,58.2,80.2),(2009,122,'2','122','Schwamendingen-Mitte',2,'Einelternfamilientarif',5,26.95,43.5),(2009,123,'0','123','Hirzenbach',0,'Grundtarif',14.7,30.7,45.95),(2009,123,'1','123','Hirzenbach',1,'Verheiratetentarif',39.9,59.3,78.9),(2009,123,'2','123','Hirzenbach',2,'Einelternfamilientarif',11.7,30,46.9),(2010,11,'0','11','Rathaus',0,'Grundtarif',21.2,49.05,85),(2010,11,'1','11','Rathaus',1,'Verheiratetentarif',73.1,122.4,183.6),(2010,11,'2','11','Rathaus',2,'Einelternfamilientarif',29.7,52.7,96.6),(2010,12,'0','12','Hochschulen',0,'Grundtarif',14.5,38.8,64.7),(2010,12,'1','12','Hochschulen',1,'Verheiratetentarif',62.5,139.2,249.2),(2010,12,'2','12','Hochschulen',2,'Einelternfamilientarif',0,0,0),(2010,13,'0','13','Lindenhof',0,'Grundtarif',23.45,58.1,111),(2010,13,'1','13','Lindenhof',1,'Verheiratetentarif',84.9,124.7,198.85),(2010,13,'2','13','Lindenhof',2,'Einelternfamilientarif',0,0,0),(2010,14,'0','14','City',0,'Grundtarif',3.9,35.2,87.7),(2010,14,'1','14','City',1,'Verheiratetentarif',66.6,112,184.7),(2010,14,'2','14','City',2,'Einelternfamilientarif',0,0,0),(2010,21,'0','21','Wollishofen',0,'Grundtarif',20,42.9,67.4),(2010,21,'1','21','Wollishofen',1,'Verheiratetentarif',57.9,85.1,131.7),(2010,21,'2','21','Wollishofen',2,'Einelternfamilientarif',25.2,42.3,66),(2010,23,'0','23','Leimbach',0,'Grundtarif',20.1,37.1,57.6),(2010,23,'1','23','Leimbach',1,'Verheiratetentarif',52.3,79.6,108.75),(2010,23,'2','23','Leimbach',2,'Einelternfamilientarif',17.9,40.6,61.3),(2010,24,'0','24','Enge',0,'Grundtarif',26.2,55.7,92.6),(2010,24,'1','24','Enge',1,'Verheiratetentarif',67.3,116.7,194.7),(2010,24,'2','24','Enge',2,'Einelternfamilientarif',32.1,54.55,90.45),(2010,31,'0','31','Alt-Wiedikon',0,'Grundtarif',25.4,49.5,75),(2010,31,'1','31','Alt-Wiedikon',1,'Verheiratetentarif',47.75,80.05,127.9),(2010,31,'2','31','Alt-Wiedikon',2,'Einelternfamilientarif',28.75,50.3,82.4),(2010,33,'0','33','Friesenberg',0,'Grundtarif',11.5,31.65,53.6),(2010,33,'1','33','Friesenberg',1,'Verheiratetentarif',48.3,68.7,95.6),(2010,33,'2','33','Friesenberg',2,'Einelternfamilientarif',23.5,39.1,54.3),(2010,34,'0','34','Sihlfeld',0,'Grundtarif',20.3,40,61.2),(2010,34,'1','34','Sihlfeld',1,'Verheiratetentarif',38.2,59.2,85),(2010,34,'2','34','Sihlfeld',2,'Einelternfamilientarif',16.1,35.3,53.3),(2010,41,'0','41','Werd',0,'Grundtarif',21.6,45,71.9),(2010,41,'1','41','Werd',1,'Verheiratetentarif',38,68.4,120.6),(2010,41,'2','41','Werd',2,'Einelternfamilientarif',30.8,44.7,86.7),(2010,42,'0','42','Langstrasse',0,'Grundtarif',18,40,63.7),(2010,42,'1','42','Langstrasse',1,'Verheiratetentarif',34.5,55.1,86.8),(2010,42,'2','42','Langstrasse',2,'Einelternfamilientarif',19.2,39.95,63.3),(2010,44,'0','44','Hard',0,'Grundtarif',17,33.1,51.8),(2010,44,'1','44','Hard',1,'Verheiratetentarif',36,54.6,74.2),(2010,44,'2','44','Hard',2,'Einelternfamilientarif',9.2,28.1,46),(2010,51,'0','51','Gewerbeschule',0,'Grundtarif',20,42.2,66.1),(2010,51,'1','51','Gewerbeschule',1,'Verheiratetentarif',40.8,61.8,87.35),(2010,51,'2','51','Gewerbeschule',2,'Einelternfamilientarif',20,40,62.7),(2010,52,'0','52','Escher Wyss',0,'Grundtarif',29.5,55.15,84),(2010,52,'1','52','Escher Wyss',1,'Verheiratetentarif',54.7,89.1,140.4),(2010,52,'2','52','Escher Wyss',2,'Einelternfamilientarif',32.7,57.4,84.6),(2010,61,'0','61','Unterstrass',0,'Grundtarif',23.4,46.1,72.6),(2010,61,'1','61','Unterstrass',1,'Verheiratetentarif',54.4,80.8,124.2),(2010,61,'2','61','Unterstrass',2,'Einelternfamilientarif',27.4,44.2,68.4),(2010,63,'0','63','Oberstrass',0,'Grundtarif',23.9,52,86.3),(2010,63,'1','63','Oberstrass',1,'Verheiratetentarif',81.8,128,203.8),(2010,63,'2','63','Oberstrass',2,'Einelternfamilientarif',44.9,67.6,122.4),(2010,71,'0','71','Fluntern',0,'Grundtarif',18.5,55.2,99),(2010,71,'1','71','Fluntern',1,'Verheiratetentarif',98.5,155,263.1),(2010,71,'2','71','Fluntern',2,'Einelternfamilientarif',47.8,80,124.5),(2010,72,'0','72','Hottingen',0,'Grundtarif',22.3,52.7,90.6),(2010,72,'1','72','Hottingen',1,'Verheiratetentarif',80.2,140.7,237.2),(2010,72,'2','72','Hottingen',2,'Einelternfamilientarif',42.2,72.9,116.9),(2010,73,'0','73','Hirslanden',0,'Grundtarif',21.95,47.2,76.15),(2010,73,'1','73','Hirslanden',1,'Verheiratetentarif',67.8,110.1,190.5),(2010,73,'2','73','Hirslanden',2,'Einelternfamilientarif',34.4,55.4,82.4),(2010,74,'0','74','Witikon',0,'Grundtarif',20.5,46.1,74.5),(2010,74,'1','74','Witikon',1,'Verheiratetentarif',68.8,103.05,164.4),(2010,74,'2','74','Witikon',2,'Einelternfamilientarif',35,62.2,97.7),(2010,81,'0','81','Seefeld',0,'Grundtarif',30.8,60.6,99.8),(2010,81,'1','81','Seefeld',1,'Verheiratetentarif',71.2,113.9,190.3),(2010,81,'2','81','Seefeld',2,'Einelternfamilientarif',41,66.2,98.5),(2010,82,'0','82','Mühlebach',0,'Grundtarif',24.8,54.2,89.8),(2010,82,'1','82','Mühlebach',1,'Verheiratetentarif',68.5,113.1,183.3),(2010,82,'2','82','Mühlebach',2,'Einelternfamilientarif',29.1,53.15,88.1),(2010,83,'0','83','Weinegg',0,'Grundtarif',18.5,46.4,75.5),(2010,83,'1','83','Weinegg',1,'Verheiratetentarif',67.4,104,173.3),(2010,83,'2','83','Weinegg',2,'Einelternfamilientarif',37.2,58.2,85.1),(2010,91,'0','91','Albisrieden',0,'Grundtarif',22.6,42.6,62.8),(2010,91,'1','91','Albisrieden',1,'Verheiratetentarif',50.9,74,105.05),(2010,91,'2','91','Albisrieden',2,'Einelternfamilientarif',29.4,48.5,71.3),(2010,92,'0','92','Altstetten',0,'Grundtarif',20,39.9,59),(2010,92,'1','92','Altstetten',1,'Verheiratetentarif',44.7,65.1,89.6),(2010,92,'2','92','Altstetten',2,'Einelternfamilientarif',15.5,35.1,52.4),(2010,101,'0','101','Höngg',0,'Grundtarif',24.9,48.8,74),(2010,101,'1','101','Höngg',1,'Verheiratetentarif',62.9,91.8,136.4),(2010,101,'2','101','Höngg',2,'Einelternfamilientarif',30.3,50.4,76.5),(2010,102,'0','102','Wipkingen',0,'Grundtarif',22.55,44.2,66.4),(2010,102,'1','102','Wipkingen',1,'Verheiratetentarif',49,72.5,108),(2010,102,'2','102','Wipkingen',2,'Einelternfamilientarif',26.4,45.5,69.9),(2010,111,'0','111','Affoltern',0,'Grundtarif',19,38.4,58.2),(2010,111,'1','111','Affoltern',1,'Verheiratetentarif',48.7,70.4,96.4),(2010,111,'2','111','Affoltern',2,'Einelternfamilientarif',19.25,35.95,56.25),(2010,115,'0','115','Oerlikon',0,'Grundtarif',21.8,45.4,69.6),(2010,115,'1','115','Oerlikon',1,'Verheiratetentarif',51.1,80.8,121.4),(2010,115,'2','115','Oerlikon',2,'Einelternfamilientarif',27.1,46.05,70.2),(2010,119,'0','119','Seebach',0,'Grundtarif',18.4,38.6,59.5),(2010,119,'1','119','Seebach',1,'Verheiratetentarif',43.7,65.7,92.7),(2010,119,'2','119','Seebach',2,'Einelternfamilientarif',15.7,34.7,52.6),(2010,121,'0','121','Saatlen',0,'Grundtarif',15,31.85,51.1),(2010,121,'1','121','Saatlen',1,'Verheiratetentarif',41.45,62.15,83.75),(2010,121,'2','121','Saatlen',2,'Einelternfamilientarif',17.1,31.2,47.1),(2010,122,'0','122','Schwamendingen-Mitte',0,'Grundtarif',17.3,33.4,51.4),(2010,122,'1','122','Schwamendingen-Mitte',1,'Verheiratetentarif',38.55,57.9,80.15),(2010,122,'2','122','Schwamendingen-Mitte',2,'Einelternfamilientarif',5.5,28.2,45),(2010,123,'0','123','Hirzenbach',0,'Grundtarif',13.5,30,45.6),(2010,123,'1','123','Hirzenbach',1,'Verheiratetentarif',39.8,59.35,78.8),(2010,123,'2','123','Hirzenbach',2,'Einelternfamilientarif',9.7,30,45),(2011,11,'0','11','Rathaus',0,'Grundtarif',21.4,49.95,87.1),(2011,11,'1','11','Rathaus',1,'Verheiratetentarif',70.1,122.1,202.3),(2011,11,'2','11','Rathaus',2,'Einelternfamilientarif',28.1,53.2,95.8),(2011,12,'0','12','Hochschulen',0,'Grundtarif',12.9,42.35,72.3),(2011,12,'1','12','Hochschulen',1,'Verheiratetentarif',60.4,129.4,227.25),(2011,12,'2','12','Hochschulen',2,'Einelternfamilientarif',0,0,0),(2011,13,'0','13','Lindenhof',0,'Grundtarif',22.2,56.2,99.75),(2011,13,'1','13','Lindenhof',1,'Verheiratetentarif',81,123.5,199.6),(2011,13,'2','13','Lindenhof',2,'Einelternfamilientarif',0,0,0),(2011,14,'0','14','City',0,'Grundtarif',6.7,33.5,88.55),(2011,14,'1','14','City',1,'Verheiratetentarif',54.9,100.85,143.45),(2011,14,'2','14','City',2,'Einelternfamilientarif',0,0,0),(2011,21,'0','21','Wollishofen',0,'Grundtarif',20,42.5,66.8),(2011,21,'1','21','Wollishofen',1,'Verheiratetentarif',56.1,85.15,133),(2011,21,'2','21','Wollishofen',2,'Einelternfamilientarif',27.2,44.9,68.3),(2011,23,'0','23','Leimbach',0,'Grundtarif',19.8,37.2,58.8),(2011,23,'1','23','Leimbach',1,'Verheiratetentarif',53.7,77.7,109.5),(2011,23,'2','23','Leimbach',2,'Einelternfamilientarif',18.5,40.1,61.9),(2011,24,'0','24','Enge',0,'Grundtarif',25.8,55.8,93.1),(2011,24,'1','24','Enge',1,'Verheiratetentarif',71.8,118.3,199.2),(2011,24,'2','24','Enge',2,'Einelternfamilientarif',31,58.7,101.9),(2011,31,'0','31','Alt-Wiedikon',0,'Grundtarif',25.5,49.8,76.5),(2011,31,'1','31','Alt-Wiedikon',1,'Verheiratetentarif',48.8,82.2,136.6),(2011,31,'2','31','Alt-Wiedikon',2,'Einelternfamilientarif',25.4,48.7,75.7),(2011,33,'0','33','Friesenberg',0,'Grundtarif',10.95,33.25,54.5),(2011,33,'1','33','Friesenberg',1,'Verheiratetentarif',48.8,69.6,98.5),(2011,33,'2','33','Friesenberg',2,'Einelternfamilientarif',21,38.6,55.1),(2011,34,'0','34','Sihlfeld',0,'Grundtarif',21.2,41.3,62.9),(2011,34,'1','34','Sihlfeld',1,'Verheiratetentarif',37.5,60.25,87.5),(2011,34,'2','34','Sihlfeld',2,'Einelternfamilientarif',18.2,35.9,53.3),(2011,41,'0','41','Werd',0,'Grundtarif',23.15,45,76.05),(2011,41,'1','41','Werd',1,'Verheiratetentarif',40,70.3,118.5),(2011,41,'2','41','Werd',2,'Einelternfamilientarif',28.1,53.35,86.7),(2011,42,'0','42','Langstrasse',0,'Grundtarif',17.7,39.8,64.1),(2011,42,'1','42','Langstrasse',1,'Verheiratetentarif',35.4,57.1,93.2),(2011,42,'2','42','Langstrasse',2,'Einelternfamilientarif',11.9,38.7,67.1),(2011,44,'0','44','Hard',0,'Grundtarif',17,33.8,52.8),(2011,44,'1','44','Hard',1,'Verheiratetentarif',36.9,54.45,75),(2011,44,'2','44','Hard',2,'Einelternfamilientarif',5.6,28.6,44.7),(2011,51,'0','51','Gewerbeschule',0,'Grundtarif',18.7,40.5,66.7),(2011,51,'1','51','Gewerbeschule',1,'Verheiratetentarif',42.1,63.45,91),(2011,51,'2','51','Gewerbeschule',2,'Einelternfamilientarif',19.2,39.4,66.6),(2011,52,'0','52','Escher Wyss',0,'Grundtarif',28.9,55.6,85.2),(2011,52,'1','52','Escher Wyss',1,'Verheiratetentarif',58.1,88.55,142.1),(2011,52,'2','52','Escher Wyss',2,'Einelternfamilientarif',38,60.8,85.2),(2011,61,'0','61','Unterstrass',0,'Grundtarif',23.9,46.4,73),(2011,61,'1','61','Unterstrass',1,'Verheiratetentarif',55.4,83.2,129.5),(2011,61,'2','61','Unterstrass',2,'Einelternfamilientarif',29.1,47.7,76.1),(2011,63,'0','63','Oberstrass',0,'Grundtarif',23.8,52.4,87.4),(2011,63,'1','63','Oberstrass',1,'Verheiratetentarif',81.5,129.75,209.7),(2011,63,'2','63','Oberstrass',2,'Einelternfamilientarif',41.2,67.55,119.9),(2011,71,'0','71','Fluntern',0,'Grundtarif',19.2,57,100.8),(2011,71,'1','71','Fluntern',1,'Verheiratetentarif',96.8,157.9,273.8),(2011,71,'2','71','Fluntern',2,'Einelternfamilientarif',55,87.25,127.2),(2011,72,'0','72','Hottingen',0,'Grundtarif',22.3,54.1,94.3),(2011,72,'1','72','Hottingen',1,'Verheiratetentarif',85.5,139.1,235.7),(2011,72,'2','72','Hottingen',2,'Einelternfamilientarif',39.9,74.8,122.7),(2011,73,'0','73','Hirslanden',0,'Grundtarif',22,48.1,80),(2011,73,'1','73','Hirslanden',1,'Verheiratetentarif',68,117.8,197.2),(2011,73,'2','73','Hirslanden',2,'Einelternfamilientarif',34.6,55.3,88.5),(2011,74,'0','74','Witikon',0,'Grundtarif',21.1,46.45,74),(2011,74,'1','74','Witikon',1,'Verheiratetentarif',70.2,105.6,163.4),(2011,74,'2','74','Witikon',2,'Einelternfamilientarif',34.35,60.6,90.8),(2011,81,'0','81','Seefeld',0,'Grundtarif',31.95,61.2,101.4),(2011,81,'1','81','Seefeld',1,'Verheiratetentarif',68.6,119,200),(2011,81,'2','81','Seefeld',2,'Einelternfamilientarif',35.2,60,89.5),(2011,82,'0','82','Mühlebach',0,'Grundtarif',26.2,55.45,92.75),(2011,82,'1','82','Mühlebach',1,'Verheiratetentarif',70.2,113.1,185.8),(2011,82,'2','82','Mühlebach',2,'Einelternfamilientarif',32.9,56.8,100),(2011,83,'0','83','Weinegg',0,'Grundtarif',18,46.9,74.6),(2011,83,'1','83','Weinegg',1,'Verheiratetentarif',67.5,106.5,174),(2011,83,'2','83','Weinegg',2,'Einelternfamilientarif',40.1,57.1,86.7),(2011,91,'0','91','Albisrieden',0,'Grundtarif',21.8,42.2,63.3),(2011,91,'1','91','Albisrieden',1,'Verheiratetentarif',51.6,76.1,107),(2011,91,'2','91','Albisrieden',2,'Einelternfamilientarif',27.3,48.1,72.4),(2011,92,'0','92','Altstetten',0,'Grundtarif',20.7,40.6,60),(2011,92,'1','92','Altstetten',1,'Verheiratetentarif',44.8,65.3,90.3),(2011,92,'2','92','Altstetten',2,'Einelternfamilientarif',16.3,36,53.8),(2011,101,'0','101','Höngg',0,'Grundtarif',24.5,49,73.9),(2011,101,'1','101','Höngg',1,'Verheiratetentarif',63.5,93.7,140.6),(2011,101,'2','101','Höngg',2,'Einelternfamilientarif',31.9,52.6,79.8),(2011,102,'0','102','Wipkingen',0,'Grundtarif',22.6,45.1,67.5),(2011,102,'1','102','Wipkingen',1,'Verheiratetentarif',49.7,73.8,111.7),(2011,102,'2','102','Wipkingen',2,'Einelternfamilientarif',28.5,45.6,67.9),(2011,111,'0','111','Affoltern',0,'Grundtarif',18.7,38.9,59.1),(2011,111,'1','111','Affoltern',1,'Verheiratetentarif',49.15,70.65,97.85),(2011,111,'2','111','Affoltern',2,'Einelternfamilientarif',19.8,36.5,55.2),(2011,115,'0','115','Oerlikon',0,'Grundtarif',22.1,45.4,70),(2011,115,'1','115','Oerlikon',1,'Verheiratetentarif',51.7,81.7,125.6),(2011,115,'2','115','Oerlikon',2,'Einelternfamilientarif',27.1,47.95,71),(2011,119,'0','119','Seebach',0,'Grundtarif',18.5,38.3,59.5),(2011,119,'1','119','Seebach',1,'Verheiratetentarif',43.4,66.8,94.8),(2011,119,'2','119','Seebach',2,'Einelternfamilientarif',17.25,35,54.55),(2011,121,'0','121','Saatlen',0,'Grundtarif',14.45,32.3,50.5),(2011,121,'1','121','Saatlen',1,'Verheiratetentarif',41.9,62.8,85.4),(2011,121,'2','121','Saatlen',2,'Einelternfamilientarif',18.2,34.7,47),(2011,122,'0','122','Schwamendingen-Mitte',0,'Grundtarif',17.1,32.9,50.9),(2011,122,'1','122','Schwamendingen-Mitte',1,'Verheiratetentarif',38.95,58.9,80.4),(2011,122,'2','122','Schwamendingen-Mitte',2,'Einelternfamilientarif',9.8,28.7,45),(2011,123,'0','123','Hirzenbach',0,'Grundtarif',13.8,29.7,46),(2011,123,'1','123','Hirzenbach',1,'Verheiratetentarif',39.6,58.2,79.8),(2011,123,'2','123','Hirzenbach',2,'Einelternfamilientarif',8.8,29.55,45.05),(2012,11,'0','11','Rathaus',0,'Grundtarif',21.2,49.2,85.8),(2012,11,'1','11','Rathaus',1,'Verheiratetentarif',67.85,120.35,192.45),(2012,11,'2','11','Rathaus',2,'Einelternfamilientarif',34.65,57.85,94.7),(2012,12,'0','12','Hochschulen',0,'Grundtarif',12.9,41.7,72.4),(2012,12,'1','12','Hochschulen',1,'Verheiratetentarif',63.5,131.2,251),(2012,12,'2','12','Hochschulen',2,'Einelternfamilientarif',0,0,0),(2012,13,'0','13','Lindenhof',0,'Grundtarif',21.8,54.8,98.1),(2012,13,'1','13','Lindenhof',1,'Verheiratetentarif',84.7,126.75,202.8),(2012,13,'2','13','Lindenhof',2,'Einelternfamilientarif',0,0,0),(2012,14,'0','14','City',0,'Grundtarif',5.5,35,88.6),(2012,14,'1','14','City',1,'Verheiratetentarif',52.15,95.6,150.7),(2012,14,'2','14','City',2,'Einelternfamilientarif',0,0,0),(2012,21,'0','21','Wollishofen',0,'Grundtarif',19.45,42.4,67.6),(2012,21,'1','21','Wollishofen',1,'Verheiratetentarif',56.9,84.1,135.8),(2012,21,'2','21','Wollishofen',2,'Einelternfamilientarif',25,42.7,66),(2012,23,'0','23','Leimbach',0,'Grundtarif',18.75,37.85,58.05),(2012,23,'1','23','Leimbach',1,'Verheiratetentarif',51.2,74.7,105.7),(2012,23,'2','23','Leimbach',2,'Einelternfamilientarif',19.6,37.5,61.5),(2012,24,'0','24','Enge',0,'Grundtarif',25.2,56.45,92.85),(2012,24,'1','24','Enge',1,'Verheiratetentarif',69.8,118.15,203),(2012,24,'2','24','Enge',2,'Einelternfamilientarif',29.2,57.3,99.4),(2012,31,'0','31','Alt-Wiedikon',0,'Grundtarif',25.4,50,75.95),(2012,31,'1','31','Alt-Wiedikon',1,'Verheiratetentarif',49.7,83.6,137.5),(2012,31,'2','31','Alt-Wiedikon',2,'Einelternfamilientarif',27.6,54,81.15),(2012,33,'0','33','Friesenberg',0,'Grundtarif',11,33,53.6),(2012,33,'1','33','Friesenberg',1,'Verheiratetentarif',47.9,69.5,96.7),(2012,33,'2','33','Friesenberg',2,'Einelternfamilientarif',21,37.75,54.85),(2012,34,'0','34','Sihlfeld',0,'Grundtarif',20.75,41.5,63.8),(2012,34,'1','34','Sihlfeld',1,'Verheiratetentarif',36.7,60.2,89.4),(2012,34,'2','34','Sihlfeld',2,'Einelternfamilientarif',20,36.05,51.9),(2012,41,'0','41','Werd',0,'Grundtarif',22.6,47.7,76.9),(2012,41,'1','41','Werd',1,'Verheiratetentarif',37,73.8,125.3),(2012,41,'2','41','Werd',2,'Einelternfamilientarif',25.6,44.8,85),(2012,42,'0','42','Langstrasse',0,'Grundtarif',18,40,65.7),(2012,42,'1','42','Langstrasse',1,'Verheiratetentarif',34.6,57.6,94.8),(2012,42,'2','42','Langstrasse',2,'Einelternfamilientarif',14.3,36.8,70),(2012,44,'0','44','Hard',0,'Grundtarif',17.2,34.5,54.3),(2012,44,'1','44','Hard',1,'Verheiratetentarif',34.9,52.9,73.8),(2012,44,'2','44','Hard',2,'Einelternfamilientarif',9.4,26.5,45),(2012,51,'0','51','Gewerbeschule',0,'Grundtarif',19.6,41.5,66.9),(2012,51,'1','51','Gewerbeschule',1,'Verheiratetentarif',41.7,64,94.1),(2012,51,'2','51','Gewerbeschule',2,'Einelternfamilientarif',22,44,67.7),(2012,52,'0','52','Escher Wyss',0,'Grundtarif',29.45,56.55,85.9),(2012,52,'1','52','Escher Wyss',1,'Verheiratetentarif',57.9,96.4,149.4),(2012,52,'2','52','Escher Wyss',2,'Einelternfamilientarif',31.8,56.45,84.7),(2012,61,'0','61','Unterstrass',0,'Grundtarif',23.1,46.4,73.4),(2012,61,'1','61','Unterstrass',1,'Verheiratetentarif',54.25,83.05,128.85),(2012,61,'2','61','Unterstrass',2,'Einelternfamilientarif',28.7,47.7,71.7),(2012,63,'0','63','Oberstrass',0,'Grundtarif',23.1,52.05,85.8),(2012,63,'1','63','Oberstrass',1,'Verheiratetentarif',84.2,129.5,209.1),(2012,63,'2','63','Oberstrass',2,'Einelternfamilientarif',40.4,69.85,120.7),(2012,71,'0','71','Fluntern',0,'Grundtarif',19.4,56.9,100.3),(2012,71,'1','71','Fluntern',1,'Verheiratetentarif',100,167.4,288.8),(2012,71,'2','71','Fluntern',2,'Einelternfamilientarif',44.5,85.7,132.6),(2012,72,'0','72','Hottingen',0,'Grundtarif',22,54.4,92.6),(2012,72,'1','72','Hottingen',1,'Verheiratetentarif',84.25,140.95,239.5),(2012,72,'2','72','Hottingen',2,'Einelternfamilientarif',43.9,78.9,126.1),(2012,73,'0','73','Hirslanden',0,'Grundtarif',21.7,48.3,80.5),(2012,73,'1','73','Hirslanden',1,'Verheiratetentarif',70.95,113.75,200.05),(2012,73,'2','73','Hirslanden',2,'Einelternfamilientarif',35.9,54,87.2),(2012,74,'0','74','Witikon',0,'Grundtarif',21.65,46.4,72.95),(2012,74,'1','74','Witikon',1,'Verheiratetentarif',71.45,105.1,161.95),(2012,74,'2','74','Witikon',2,'Einelternfamilientarif',32.5,58.7,91.8),(2012,81,'0','81','Seefeld',0,'Grundtarif',31,62.5,101.1),(2012,81,'1','81','Seefeld',1,'Verheiratetentarif',74,124.2,209.4),(2012,81,'2','81','Seefeld',2,'Einelternfamilientarif',37.6,58.8,92.9),(2012,82,'0','82','Mühlebach',0,'Grundtarif',26.2,56.3,94.3),(2012,82,'1','82','Mühlebach',1,'Verheiratetentarif',72.1,117.3,191.2),(2012,82,'2','82','Mühlebach',2,'Einelternfamilientarif',34.7,64.2,98.6),(2012,83,'0','83','Weinegg',0,'Grundtarif',18.5,47,75),(2012,83,'1','83','Weinegg',1,'Verheiratetentarif',67,105.6,173),(2012,83,'2','83','Weinegg',2,'Einelternfamilientarif',40.1,58.7,99.1),(2012,91,'0','91','Albisrieden',0,'Grundtarif',21.7,41.9,63.2),(2012,91,'1','91','Albisrieden',1,'Verheiratetentarif',51.3,76.05,106.2),(2012,91,'2','91','Albisrieden',2,'Einelternfamilientarif',28.8,46.6,71.1),(2012,92,'0','92','Altstetten',0,'Grundtarif',20.5,40.7,60.1),(2012,92,'1','92','Altstetten',1,'Verheiratetentarif',43.2,64.8,90.95),(2012,92,'2','92','Altstetten',2,'Einelternfamilientarif',16,35.9,53.2),(2012,101,'0','101','Höngg',0,'Grundtarif',24.2,48.8,73.4),(2012,101,'1','101','Höngg',1,'Verheiratetentarif',62.8,93.4,140.1),(2012,101,'2','101','Höngg',2,'Einelternfamilientarif',32.1,52.85,82.4),(2012,102,'0','102','Wipkingen',0,'Grundtarif',22.5,45.9,69.2),(2012,102,'1','102','Wipkingen',1,'Verheiratetentarif',50,74.1,114.8),(2012,102,'2','102','Wipkingen',2,'Einelternfamilientarif',27,44.5,67.3),(2012,111,'0','111','Affoltern',0,'Grundtarif',18.8,39,59.8),(2012,111,'1','111','Affoltern',1,'Verheiratetentarif',48.5,70.75,98.2),(2012,111,'2','111','Affoltern',2,'Einelternfamilientarif',18.9,38,56.2),(2012,115,'0','115','Oerlikon',0,'Grundtarif',22.9,45.8,70.8),(2012,115,'1','115','Oerlikon',1,'Verheiratetentarif',51.3,82,125.6),(2012,115,'2','115','Oerlikon',2,'Einelternfamilientarif',24.1,43.85,67.1),(2012,119,'0','119','Seebach',0,'Grundtarif',18,39.2,60),(2012,119,'1','119','Seebach',1,'Verheiratetentarif',43.7,66.8,95.8),(2012,119,'2','119','Seebach',2,'Einelternfamilientarif',17.25,34.6,53.75),(2012,121,'0','121','Saatlen',0,'Grundtarif',14.4,31.4,51),(2012,121,'1','121','Saatlen',1,'Verheiratetentarif',39.8,61.5,84.7),(2012,121,'2','121','Saatlen',2,'Einelternfamilientarif',15.8,32.95,46.1),(2012,122,'0','122','Schwamendingen-Mitte',0,'Grundtarif',16.2,33,50.4),(2012,122,'1','122','Schwamendingen-Mitte',1,'Verheiratetentarif',38,57.9,79.65),(2012,122,'2','122','Schwamendingen-Mitte',2,'Einelternfamilientarif',4.7,25.1,42.5),(2012,123,'0','123','Hirzenbach',0,'Grundtarif',12.5,29.2,46.6),(2012,123,'1','123','Hirzenbach',1,'Verheiratetentarif',38.2,57.9,78.8),(2012,123,'2','123','Hirzenbach',2,'Einelternfamilientarif',7,28.4,45.5),(2013,11,'0','11','Rathaus',0,'Grundtarif',22.1,50,84.6),(2013,11,'1','11','Rathaus',1,'Verheiratetentarif',73.5,120.8,197.8),(2013,11,'2','11','Rathaus',2,'Einelternfamilientarif',29.15,52.6,97.15),(2013,12,'0','12','Hochschulen',0,'Grundtarif',13.7,35.9,72.2),(2013,12,'1','12','Hochschulen',1,'Verheiratetentarif',47.9,143,252.2),(2013,12,'2','12','Hochschulen',2,'Einelternfamilientarif',0,0,0),(2013,13,'0','13','Lindenhof',0,'Grundtarif',20.1,55.1,95.2),(2013,13,'1','13','Lindenhof',1,'Verheiratetentarif',86.4,124.2,213.3),(2013,13,'2','13','Lindenhof',2,'Einelternfamilientarif',0,0,0),(2013,14,'0','14','City',0,'Grundtarif',7.6,32.7,78.3),(2013,14,'1','14','City',1,'Verheiratetentarif',51.7,105.9,165.1),(2013,14,'2','14','City',2,'Einelternfamilientarif',0,0,0),(2013,21,'0','21','Wollishofen',0,'Grundtarif',19.9,43.1,67.9),(2013,21,'1','21','Wollishofen',1,'Verheiratetentarif',55.1,84.1,137),(2013,21,'2','21','Wollishofen',2,'Einelternfamilientarif',24,44,65.8),(2013,23,'0','23','Leimbach',0,'Grundtarif',18.9,38.4,59.3),(2013,23,'1','23','Leimbach',1,'Verheiratetentarif',47.6,72.5,105.2),(2013,23,'2','23','Leimbach',2,'Einelternfamilientarif',16.2,36.8,59.2),(2013,24,'0','24','Enge',0,'Grundtarif',26.9,57.1,94.6),(2013,24,'1','24','Enge',1,'Verheiratetentarif',68.3,121.1,206.8),(2013,24,'2','24','Enge',2,'Einelternfamilientarif',22.7,56.5,95.6),(2013,31,'0','31','Alt-Wiedikon',0,'Grundtarif',26.7,51.1,77.8),(2013,31,'1','31','Alt-Wiedikon',1,'Verheiratetentarif',49.8,86.25,139.5),(2013,31,'2','31','Alt-Wiedikon',2,'Einelternfamilientarif',28.8,53.9,82.3),(2013,33,'0','33','Friesenberg',0,'Grundtarif',11.8,32.55,53),(2013,33,'1','33','Friesenberg',1,'Verheiratetentarif',46.3,67.4,96.4),(2013,33,'2','33','Friesenberg',2,'Einelternfamilientarif',18.5,37,53.8),(2013,34,'0','34','Sihlfeld',0,'Grundtarif',21,42.5,64.7),(2013,34,'1','34','Sihlfeld',1,'Verheiratetentarif',36,60.1,91.1),(2013,34,'2','34','Sihlfeld',2,'Einelternfamilientarif',18.7,35.2,53.7),(2013,41,'0','41','Werd',0,'Grundtarif',21.5,47.8,77.1),(2013,41,'1','41','Werd',1,'Verheiratetentarif',31.4,63.8,123.1),(2013,41,'2','41','Werd',2,'Einelternfamilientarif',29,59.75,103.9),(2013,42,'0','42','Langstrasse',0,'Grundtarif',18,40.95,67),(2013,42,'1','42','Langstrasse',1,'Verheiratetentarif',35,58.3,96.1),(2013,42,'2','42','Langstrasse',2,'Einelternfamilientarif',15.6,40.9,71.2),(2013,44,'0','44','Hard',0,'Grundtarif',17.4,34.6,55),(2013,44,'1','44','Hard',1,'Verheiratetentarif',33.9,51.15,72.8),(2013,44,'2','44','Hard',2,'Einelternfamilientarif',11.1,29.6,45.6),(2013,51,'0','51','Gewerbeschule',0,'Grundtarif',19.6,41.4,66.9),(2013,51,'1','51','Gewerbeschule',1,'Verheiratetentarif',42,64.9,93.3),(2013,51,'2','51','Gewerbeschule',2,'Einelternfamilientarif',22.3,39.9,66.6),(2013,52,'0','52','Escher Wyss',0,'Grundtarif',34.2,60.3,92.4),(2013,52,'1','52','Escher Wyss',1,'Verheiratetentarif',66,108.5,166.1),(2013,52,'2','52','Escher Wyss',2,'Einelternfamilientarif',35.6,62.75,100),(2013,61,'0','61','Unterstrass',0,'Grundtarif',22.7,46.45,73),(2013,61,'1','61','Unterstrass',1,'Verheiratetentarif',54.7,83.6,129.9),(2013,61,'2','61','Unterstrass',2,'Einelternfamilientarif',28.3,47.5,72.9),(2013,63,'0','63','Oberstrass',0,'Grundtarif',21.7,51.2,86.7),(2013,63,'1','63','Oberstrass',1,'Verheiratetentarif',82.4,129.4,211.1),(2013,63,'2','63','Oberstrass',2,'Einelternfamilientarif',41.6,63.65,109.3),(2013,71,'0','71','Fluntern',0,'Grundtarif',18.5,56.1,100.3),(2013,71,'1','71','Fluntern',1,'Verheiratetentarif',99.7,165.4,279.2),(2013,71,'2','71','Fluntern',2,'Einelternfamilientarif',52.4,90.4,138),(2013,72,'0','72','Hottingen',0,'Grundtarif',22.1,55,90.8),(2013,72,'1','72','Hottingen',1,'Verheiratetentarif',84.7,136.15,243),(2013,72,'2','72','Hottingen',2,'Einelternfamilientarif',46.1,72.15,125.6),(2013,73,'0','73','Hirslanden',0,'Grundtarif',22.5,49.35,80.75),(2013,73,'1','73','Hirslanden',1,'Verheiratetentarif',68.2,113.1,198.3),(2013,73,'2','73','Hirslanden',2,'Einelternfamilientarif',31.5,54.1,93.3),(2013,74,'0','74','Witikon',0,'Grundtarif',20.55,45,72.6),(2013,74,'1','74','Witikon',1,'Verheiratetentarif',68.7,103.1,158.6),(2013,74,'2','74','Witikon',2,'Einelternfamilientarif',33.45,55,87.3),(2013,81,'0','81','Seefeld',0,'Grundtarif',30.6,61.7,101.9),(2013,81,'1','81','Seefeld',1,'Verheiratetentarif',74.8,123.2,212.8),(2013,81,'2','81','Seefeld',2,'Einelternfamilientarif',38.7,59.05,88.25),(2013,82,'0','82','Mühlebach',0,'Grundtarif',24.1,55.8,94.5),(2013,82,'1','82','Mühlebach',1,'Verheiratetentarif',73.2,117.9,198),(2013,82,'2','82','Mühlebach',2,'Einelternfamilientarif',37.95,65.2,92.9),(2013,83,'0','83','Weinegg',0,'Grundtarif',17.5,45.8,74.3),(2013,83,'1','83','Weinegg',1,'Verheiratetentarif',66.6,104.2,176.7),(2013,83,'2','83','Weinegg',2,'Einelternfamilientarif',35.2,55.35,101.5),(2013,91,'0','91','Albisrieden',0,'Grundtarif',22.4,42.35,63.4),(2013,91,'1','91','Albisrieden',1,'Verheiratetentarif',50.5,75,106.9),(2013,91,'2','91','Albisrieden',2,'Einelternfamilientarif',25.5,42.3,69.7),(2013,92,'0','92','Altstetten',0,'Grundtarif',20.2,40.5,60),(2013,92,'1','92','Altstetten',1,'Verheiratetentarif',43,64.5,91.6),(2013,92,'2','92','Altstetten',2,'Einelternfamilientarif',17.5,33.7,51.05),(2013,101,'0','101','Höngg',0,'Grundtarif',24,48.6,73),(2013,101,'1','101','Höngg',1,'Verheiratetentarif',62,92.6,139.9),(2013,101,'2','101','Höngg',2,'Einelternfamilientarif',30,51.8,82.1),(2013,102,'0','102','Wipkingen',0,'Grundtarif',22.85,45.7,68.1),(2013,102,'1','102','Wipkingen',1,'Verheiratetentarif',47.2,73.2,112),(2013,102,'2','102','Wipkingen',2,'Einelternfamilientarif',23.6,44.4,65.9),(2013,111,'0','111','Affoltern',0,'Grundtarif',18.5,38.8,59.3),(2013,111,'1','111','Affoltern',1,'Verheiratetentarif',47.1,70.4,97.6),(2013,111,'2','111','Affoltern',2,'Einelternfamilientarif',16.5,35.95,55.7),(2013,115,'0','115','Oerlikon',0,'Grundtarif',22,45.7,70.7),(2013,115,'1','115','Oerlikon',1,'Verheiratetentarif',50.4,81.8,125.1),(2013,115,'2','115','Oerlikon',2,'Einelternfamilientarif',20.5,42.95,70),(2013,119,'0','119','Seebach',0,'Grundtarif',18.7,39.3,60),(2013,119,'1','119','Seebach',1,'Verheiratetentarif',42.1,66.1,95.1),(2013,119,'2','119','Seebach',2,'Einelternfamilientarif',16.05,33.85,54.85),(2013,121,'0','121','Saatlen',0,'Grundtarif',14.4,32.1,50.7),(2013,121,'1','121','Saatlen',1,'Verheiratetentarif',38.2,59.9,84.5),(2013,121,'2','121','Saatlen',2,'Einelternfamilientarif',13.7,31.1,48),(2013,122,'0','122','Schwamendingen-Mitte',0,'Grundtarif',17.6,33.2,51.7),(2013,122,'1','122','Schwamendingen-Mitte',1,'Verheiratetentarif',36.8,57.6,79.9),(2013,122,'2','122','Schwamendingen-Mitte',2,'Einelternfamilientarif',9.85,28.1,42.75),(2013,123,'0','123','Hirzenbach',0,'Grundtarif',11.6,29.1,46.9),(2013,123,'1','123','Hirzenbach',1,'Verheiratetentarif',36.6,55.8,77.2),(2013,123,'2','123','Hirzenbach',2,'Einelternfamilientarif',4.1,26,42.6),(2014,11,'0','11','Rathaus',0,'Grundtarif',20.9,49.8,86.1),(2014,11,'1','11','Rathaus',1,'Verheiratetentarif',74.2,117.05,204.1),(2014,11,'2','11','Rathaus',2,'Einelternfamilientarif',30.8,55,95.6),(2014,12,'0','12','Hochschulen',0,'Grundtarif',13.1,36.2,73),(2014,12,'1','12','Hochschulen',1,'Verheiratetentarif',62.2,139.2,254.6),(2014,12,'2','12','Hochschulen',2,'Einelternfamilientarif',0,0,0),(2014,13,'0','13','Lindenhof',0,'Grundtarif',24.1,55.55,100.4),(2014,13,'1','13','Lindenhof',1,'Verheiratetentarif',67.2,118.1,211.4),(2014,13,'2','13','Lindenhof',2,'Einelternfamilientarif',0,0,0),(2014,14,'0','14','City',0,'Grundtarif',2.8,31.6,78.2),(2014,14,'1','14','City',1,'Verheiratetentarif',57.8,109.7,191.8),(2014,14,'2','14','City',2,'Einelternfamilientarif',0,0,0),(2014,21,'0','21','Wollishofen',0,'Grundtarif',19.1,42.5,67.9),(2014,21,'1','21','Wollishofen',1,'Verheiratetentarif',58.4,89.6,141.55),(2014,21,'2','21','Wollishofen',2,'Einelternfamilientarif',27.5,46.2,68.3),(2014,23,'0','23','Leimbach',0,'Grundtarif',17.7,37.8,59.2),(2014,23,'1','23','Leimbach',1,'Verheiratetentarif',48.9,75.2,107.8),(2014,23,'2','23','Leimbach',2,'Einelternfamilientarif',16.45,40.8,59.55),(2014,24,'0','24','Enge',0,'Grundtarif',26.5,57.5,95.8),(2014,24,'1','24','Enge',1,'Verheiratetentarif',72.6,126.1,214.4),(2014,24,'2','24','Enge',2,'Einelternfamilientarif',29.3,56.2,111.2),(2014,31,'0','31','Alt-Wiedikon',0,'Grundtarif',26.9,51.8,78.9),(2014,31,'1','31','Alt-Wiedikon',1,'Verheiratetentarif',52.7,89.8,144.3),(2014,31,'2','31','Alt-Wiedikon',2,'Einelternfamilientarif',29,54.25,89.6),(2014,33,'0','33','Friesenberg',0,'Grundtarif',11.6,32.2,51.9),(2014,33,'1','33','Friesenberg',1,'Verheiratetentarif',45.7,68.9,98.5),(2014,33,'2','33','Friesenberg',2,'Einelternfamilientarif',22.4,38.35,57.9),(2014,34,'0','34','Sihlfeld',0,'Grundtarif',21.2,42.7,65.7),(2014,34,'1','34','Sihlfeld',1,'Verheiratetentarif',39.55,62.95,95),(2014,34,'2','34','Sihlfeld',2,'Einelternfamilientarif',18,35.6,55.6),(2014,41,'0','41','Werd',0,'Grundtarif',21.3,47.9,76),(2014,41,'1','41','Werd',1,'Verheiratetentarif',34.8,72.1,128.95),(2014,41,'2','41','Werd',2,'Einelternfamilientarif',20.35,44.65,78.3),(2014,42,'0','42','Langstrasse',0,'Grundtarif',18.2,41.5,68.1),(2014,42,'1','42','Langstrasse',1,'Verheiratetentarif',37.4,61.5,104.7),(2014,42,'2','42','Langstrasse',2,'Einelternfamilientarif',17.9,43.4,74.2),(2014,44,'0','44','Hard',0,'Grundtarif',17,34.65,55.1),(2014,44,'1','44','Hard',1,'Verheiratetentarif',33.7,52.1,75.6),(2014,44,'2','44','Hard',2,'Einelternfamilientarif',11.5,29,45.3),(2014,51,'0','51','Gewerbeschule',0,'Grundtarif',20,42.6,68),(2014,51,'1','51','Gewerbeschule',1,'Verheiratetentarif',42.4,65.1,100.7),(2014,51,'2','51','Gewerbeschule',2,'Einelternfamilientarif',24.2,43.2,65.4),(2014,52,'0','52','Escher Wyss',0,'Grundtarif',35.8,63,95.2),(2014,52,'1','52','Escher Wyss',1,'Verheiratetentarif',76.6,120.3,174.2),(2014,52,'2','52','Escher Wyss',2,'Einelternfamilientarif',31.95,55.95,103.45),(2014,61,'0','61','Unterstrass',0,'Grundtarif',22.5,46.3,72.2),(2014,61,'1','61','Unterstrass',1,'Verheiratetentarif',55.95,85.35,138),(2014,61,'2','61','Unterstrass',2,'Einelternfamilientarif',30.5,49.7,73.4),(2014,63,'0','63','Oberstrass',0,'Grundtarif',21.4,50.2,84.7),(2014,63,'1','63','Oberstrass',1,'Verheiratetentarif',82.8,135.3,221),(2014,63,'2','63','Oberstrass',2,'Einelternfamilientarif',39.3,68.8,113.4),(2014,71,'0','71','Fluntern',0,'Grundtarif',17.8,55.3,98.7),(2014,71,'1','71','Fluntern',1,'Verheiratetentarif',102.4,168,286.3),(2014,71,'2','71','Fluntern',2,'Einelternfamilientarif',58,91.7,149.8),(2014,72,'0','72','Hottingen',0,'Grundtarif',23.4,54.9,90.6),(2014,72,'1','72','Hottingen',1,'Verheiratetentarif',84.8,136.2,235.7),(2014,72,'2','72','Hottingen',2,'Einelternfamilientarif',47.7,76.5,128.7),(2014,73,'0','73','Hirslanden',0,'Grundtarif',21.5,50.3,82),(2014,73,'1','73','Hirslanden',1,'Verheiratetentarif',73.5,119.85,202.3),(2014,73,'2','73','Hirslanden',2,'Einelternfamilientarif',36,56.75,99.8),(2014,74,'0','74','Witikon',0,'Grundtarif',20.7,45.4,71.2),(2014,74,'1','74','Witikon',1,'Verheiratetentarif',70.1,104.9,163.2),(2014,74,'2','74','Witikon',2,'Einelternfamilientarif',28.6,51.85,83.5),(2014,81,'0','81','Seefeld',0,'Grundtarif',31.6,62.2,103.9),(2014,81,'1','81','Seefeld',1,'Verheiratetentarif',75.8,134.7,234.3),(2014,81,'2','81','Seefeld',2,'Einelternfamilientarif',35,65.6,100),(2014,82,'0','82','Mühlebach',0,'Grundtarif',24.5,55.9,93.4),(2014,82,'1','82','Mühlebach',1,'Verheiratetentarif',75,125.2,204.8),(2014,82,'2','82','Mühlebach',2,'Einelternfamilientarif',37,58.3,91.1),(2014,83,'0','83','Weinegg',0,'Grundtarif',17.2,45.7,73.7),(2014,83,'1','83','Weinegg',1,'Verheiratetentarif',67.7,107.2,182),(2014,83,'2','83','Weinegg',2,'Einelternfamilientarif',32,53.8,106.7),(2014,91,'0','91','Albisrieden',0,'Grundtarif',22.3,42.6,64.3),(2014,91,'1','91','Albisrieden',1,'Verheiratetentarif',51.1,76.5,108.6),(2014,91,'2','91','Albisrieden',2,'Einelternfamilientarif',25.45,42.05,67.3),(2014,92,'0','92','Altstetten',0,'Grundtarif',20.1,41.2,60.7),(2014,92,'1','92','Altstetten',1,'Verheiratetentarif',43.3,65.7,93.7),(2014,92,'2','92','Altstetten',2,'Einelternfamilientarif',16.9,35,52.6),(2014,101,'0','101','Höngg',0,'Grundtarif',23.7,48.5,72.5),(2014,101,'1','101','Höngg',1,'Verheiratetentarif',63.6,95.2,143.1),(2014,101,'2','101','Höngg',2,'Einelternfamilientarif',30.4,51.4,78.3),(2014,102,'0','102','Wipkingen',0,'Grundtarif',22.3,45.4,68.4),(2014,102,'1','102','Wipkingen',1,'Verheiratetentarif',48.6,77,121.4),(2014,102,'2','102','Wipkingen',2,'Einelternfamilientarif',24.8,43.85,66.5),(2014,111,'0','111','Affoltern',0,'Grundtarif',18.3,38.6,58.5),(2014,111,'1','111','Affoltern',1,'Verheiratetentarif',47.3,70.9,100),(2014,111,'2','111','Affoltern',2,'Einelternfamilientarif',17.5,37.6,55.6),(2014,115,'0','115','Oerlikon',0,'Grundtarif',21.7,45.4,70.1),(2014,115,'1','115','Oerlikon',1,'Verheiratetentarif',52.4,85.1,131.8),(2014,115,'2','115','Oerlikon',2,'Einelternfamilientarif',21.3,43.5,69),(2014,119,'0','119','Seebach',0,'Grundtarif',17.8,39.4,60.4),(2014,119,'1','119','Seebach',1,'Verheiratetentarif',42.2,66.6,98.5),(2014,119,'2','119','Seebach',2,'Einelternfamilientarif',13.7,34.2,55.4),(2014,121,'0','121','Saatlen',0,'Grundtarif',14.8,32.6,50.3),(2014,121,'1','121','Saatlen',1,'Verheiratetentarif',37.35,60.3,84.4),(2014,121,'2','121','Saatlen',2,'Einelternfamilientarif',15,32.3,46),(2014,122,'0','122','Schwamendingen-Mitte',0,'Grundtarif',17.5,34.05,52.2),(2014,122,'1','122','Schwamendingen-Mitte',1,'Verheiratetentarif',35.8,58.1,82.2),(2014,122,'2','122','Schwamendingen-Mitte',2,'Einelternfamilientarif',9.2,28.65,44.8),(2014,123,'0','123','Hirzenbach',0,'Grundtarif',11.6,30,48.7),(2014,123,'1','123','Hirzenbach',1,'Verheiratetentarif',37.35,56.6,79.65),(2014,123,'2','123','Hirzenbach',2,'Einelternfamilientarif',2.1,25.25,42),(2015,11,'0','11','Rathaus',0,'Grundtarif',21,49.8,87.1),(2015,11,'1','11','Rathaus',1,'Verheiratetentarif',76.8,123.2,192.3),(2015,11,'2','11','Rathaus',2,'Einelternfamilientarif',33.8,52.45,93.6),(2015,12,'0','12','Hochschulen',0,'Grundtarif',12.1,34.7,75.9),(2015,12,'1','12','Hochschulen',1,'Verheiratetentarif',78.3,169.5,225.4),(2015,12,'2','12','Hochschulen',2,'Einelternfamilientarif',0,0,0),(2015,13,'0','13','Lindenhof',0,'Grundtarif',22.7,55.4,100),(2015,13,'1','13','Lindenhof',1,'Verheiratetentarif',64.85,116.55,202.1),(2015,13,'2','13','Lindenhof',2,'Einelternfamilientarif',0,0,0),(2015,14,'0','14','City',0,'Grundtarif',3.3,27.4,73.6),(2015,14,'1','14','City',1,'Verheiratetentarif',48.95,102.3,206.2),(2015,14,'2','14','City',2,'Einelternfamilientarif',0,0,0),(2015,21,'0','21','Wollishofen',0,'Grundtarif',19.8,43.8,68.6),(2015,21,'1','21','Wollishofen',1,'Verheiratetentarif',59.3,91.5,144.5),(2015,21,'2','21','Wollishofen',2,'Einelternfamilientarif',29.1,47.4,73.6),(2015,23,'0','23','Leimbach',0,'Grundtarif',18,38.7,60.1),(2015,23,'1','23','Leimbach',1,'Verheiratetentarif',49.8,76.35,110.2),(2015,23,'2','23','Leimbach',2,'Einelternfamilientarif',15.1,42.1,60.1),(2015,24,'0','24','Enge',0,'Grundtarif',28.6,59.3,100),(2015,24,'1','24','Enge',1,'Verheiratetentarif',73.6,127.4,214.8),(2015,24,'2','24','Enge',2,'Einelternfamilientarif',37.6,66.7,115.9),(2015,31,'0','31','Alt-Wiedikon',0,'Grundtarif',26.9,51.7,78.9),(2015,31,'1','31','Alt-Wiedikon',1,'Verheiratetentarif',52.8,90.7,149.7),(2015,31,'2','31','Alt-Wiedikon',2,'Einelternfamilientarif',29.3,57.3,93.7),(2015,33,'0','33','Friesenberg',0,'Grundtarif',12.2,32.4,52.9),(2015,33,'1','33','Friesenberg',1,'Verheiratetentarif',46.8,69.7,99.1),(2015,33,'2','33','Friesenberg',2,'Einelternfamilientarif',22.1,41.3,59.95),(2015,34,'0','34','Sihlfeld',0,'Grundtarif',21.5,43,66),(2015,34,'1','34','Sihlfeld',1,'Verheiratetentarif',39.1,62.8,95.25),(2015,34,'2','34','Sihlfeld',2,'Einelternfamilientarif',17.6,37.2,57.6),(2015,41,'0','41','Werd',0,'Grundtarif',21.2,46.95,74.4),(2015,41,'1','41','Werd',1,'Verheiratetentarif',33.45,70.85,127.85),(2015,41,'2','41','Werd',2,'Einelternfamilientarif',18.6,46.5,82.6),(2015,42,'0','42','Langstrasse',0,'Grundtarif',18,42.6,70.1),(2015,42,'1','42','Langstrasse',1,'Verheiratetentarif',35.8,61.55,107.65),(2015,42,'2','42','Langstrasse',2,'Einelternfamilientarif',20.2,40.7,70.1),(2015,44,'0','44','Hard',0,'Grundtarif',16.4,34.1,55.5),(2015,44,'1','44','Hard',1,'Verheiratetentarif',33,52,75),(2015,44,'2','44','Hard',2,'Einelternfamilientarif',13.8,30.5,46.9),(2015,51,'0','51','Gewerbeschule',0,'Grundtarif',19.9,42.8,68.4),(2015,51,'1','51','Gewerbeschule',1,'Verheiratetentarif',41.5,65.6,102.5),(2015,51,'2','51','Gewerbeschule',2,'Einelternfamilientarif',30.6,48,70.3),(2015,52,'0','52','Escher Wyss',0,'Grundtarif',36.4,64.6,97.3),(2015,52,'1','52','Escher Wyss',1,'Verheiratetentarif',78.7,119.9,189.3),(2015,52,'2','52','Escher Wyss',2,'Einelternfamilientarif',35,65.9,104.7),(2015,61,'0','61','Unterstrass',0,'Grundtarif',22.1,46.2,72.7),(2015,61,'1','61','Unterstrass',1,'Verheiratetentarif',56.6,88.6,136.5),(2015,61,'2','61','Unterstrass',2,'Einelternfamilientarif',32.5,50.6,77.5),(2015,63,'0','63','Oberstrass',0,'Grundtarif',21.8,50.08,83.7),(2015,63,'1','63','Oberstrass',1,'Verheiratetentarif',86.8,139.3,222.9),(2015,63,'2','63','Oberstrass',2,'Einelternfamilientarif',44.3,71.9,112.4),(2015,71,'0','71','Fluntern',0,'Grundtarif',17.4,56.4,99.6),(2015,71,'1','71','Fluntern',1,'Verheiratetentarif',100.7,168.9,283.2),(2015,71,'2','71','Fluntern',2,'Einelternfamilientarif',44.9,89,153.5),(2015,72,'0','72','Hottingen',0,'Grundtarif',22.3,53.7,90.2),(2015,72,'1','72','Hottingen',1,'Verheiratetentarif',89.5,143.1,242.5),(2015,72,'2','72','Hottingen',2,'Einelternfamilientarif',51.2,80.3,126.8),(2015,73,'0','73','Hirslanden',0,'Grundtarif',20.9,50.15,82),(2015,73,'1','73','Hirslanden',1,'Verheiratetentarif',71.55,118.95,203.1),(2015,73,'2','73','Hirslanden',2,'Einelternfamilientarif',37.2,60.75,99.4),(2015,74,'0','74','Witikon',0,'Grundtarif',19.95,44.3,70.65),(2015,74,'1','74','Witikon',1,'Verheiratetentarif',70.3,107.35,167.1),(2015,74,'2','74','Witikon',2,'Einelternfamilientarif',32.5,57.65,87.3),(2015,81,'0','81','Seefeld',0,'Grundtarif',30.2,62.3,104.8),(2015,81,'1','81','Seefeld',1,'Verheiratetentarif',80,140.3,240.4),(2015,81,'2','81','Seefeld',2,'Einelternfamilientarif',44.8,71.4,120.5),(2015,82,'0','82','Mühlebach',0,'Grundtarif',24.1,56.1,94),(2015,82,'1','82','Mühlebach',1,'Verheiratetentarif',81.25,127.95,210.95),(2015,82,'2','82','Mühlebach',2,'Einelternfamilientarif',35.65,58.1,89.8),(2015,83,'0','83','Weinegg',0,'Grundtarif',15.9,45.95,75.005),(2015,83,'1','83','Weinegg',1,'Verheiratetentarif',71.6,114.7,187.2),(2015,83,'2','83','Weinegg',2,'Einelternfamilientarif',35,57.2,109.1),(2015,91,'0','91','Albisrieden',0,'Grundtarif',21.5,42.1,63.4),(2015,91,'1','91','Albisrieden',1,'Verheiratetentarif',53,77.9,111.9),(2015,91,'2','91','Albisrieden',2,'Einelternfamilientarif',28.1,45.2,72.9),(2015,92,'0','92','Altstetten',0,'Grundtarif',20,41,61.2),(2015,92,'1','92','Altstetten',1,'Verheiratetentarif',43.05,66.6,96),(2015,92,'2','92','Altstetten',2,'Einelternfamilientarif',17.5,35,56.1),(2015,101,'0','101','Höngg',0,'Grundtarif',23.3,47.9,72.25),(2015,101,'1','101','Höngg',1,'Verheiratetentarif',63.9,95.5,143.3),(2015,101,'2','101','Höngg',2,'Einelternfamilientarif',30.1,54.2,81.5),(2015,102,'0','102','Wipkingen',0,'Grundtarif',22.6,45.7,68.8),(2015,102,'1','102','Wipkingen',1,'Verheiratetentarif',51.65,79.5,124.55),(2015,102,'2','102','Wipkingen',2,'Einelternfamilientarif',30,49.85,74.1),(2015,111,'0','111','Affoltern',0,'Grundtarif',18,38.4,58.5),(2015,111,'1','111','Affoltern',1,'Verheiratetentarif',47.4,71.8,100.9),(2015,111,'2','111','Affoltern',2,'Einelternfamilientarif',17.2,35.95,55.7),(2015,115,'0','115','Oerlikon',0,'Grundtarif',20.6,45,70.1),(2015,115,'1','115','Oerlikon',1,'Verheiratetentarif',53.9,87.05,136.4),(2015,115,'2','115','Oerlikon',2,'Einelternfamilientarif',22.4,48.3,81.6),(2015,119,'0','119','Seebach',0,'Grundtarif',18,38.9,60.1),(2015,119,'1','119','Seebach',1,'Verheiratetentarif',43.3,68.3,101.9),(2015,119,'2','119','Seebach',2,'Einelternfamilientarif',15.7,35.15,57.2),(2015,121,'0','121','Saatlen',0,'Grundtarif',13.5,32.4,51.75),(2015,121,'1','121','Saatlen',1,'Verheiratetentarif',36.3,60.65,87.4),(2015,121,'2','121','Saatlen',2,'Einelternfamilientarif',17.8,34.9,50.4),(2015,122,'0','122','Schwamendingen-Mitte',0,'Grundtarif',17.3,34.45,52.7),(2015,122,'1','122','Schwamendingen-Mitte',1,'Verheiratetentarif',36.2,58.3,83.4),(2015,122,'2','122','Schwamendingen-Mitte',2,'Einelternfamilientarif',10,28.4,45.3),(2015,123,'0','123','Hirzenbach',0,'Grundtarif',12.6,30.8,48.6),(2015,123,'1','123','Hirzenbach',1,'Verheiratetentarif',37.8,58.1,80.8),(2015,123,'2','123','Hirzenbach',2,'Einelternfamilientarif',0,24.65,44.05),(2016,11,'0','11','Rathaus',0,'Grundtarif',20.3,49.1,85.8),(2016,11,'1','11','Rathaus',1,'Verheiratetentarif',77.8,126.4,197.3),(2016,11,'2','11','Rathaus',2,'Einelternfamilientarif',30.4,60.2,98.4),(2016,12,'0','12','Hochschulen',0,'Grundtarif',12.1,33.45,74.1),(2016,12,'1','12','Hochschulen',1,'Verheiratetentarif',85.6,172.05,245.8),(2016,12,'2','12','Hochschulen',2,'Einelternfamilientarif',0,0,0),(2016,13,'0','13','Lindenhof',0,'Grundtarif',20.2,53.9,100.4),(2016,13,'1','13','Lindenhof',1,'Verheiratetentarif',60.1,108.9,186.8),(2016,13,'2','13','Lindenhof',2,'Einelternfamilientarif',0,0,0),(2016,14,'0','14','City',0,'Grundtarif',1,26.1,70.3),(2016,14,'1','14','City',1,'Verheiratetentarif',52.1,103.3,194.9),(2016,14,'2','14','City',2,'Einelternfamilientarif',0,0,0),(2016,21,'0','21','Wollishofen',0,'Grundtarif',19,43.1,68.6),(2016,21,'1','21','Wollishofen',1,'Verheiratetentarif',60.5,92.2,150.15),(2016,21,'2','21','Wollishofen',2,'Einelternfamilientarif',28.3,49.72,76.95),(2016,23,'0','23','Leimbach',0,'Grundtarif',16.3,36.75,59.1),(2016,23,'1','23','Leimbach',1,'Verheiratetentarif',52.6,77.9,113.7),(2016,23,'2','23','Leimbach',2,'Einelternfamilientarif',18.6,40.4,58.3),(2016,24,'0','24','Enge',0,'Grundtarif',28.6,59.8,101.45),(2016,24,'1','24','Enge',1,'Verheiratetentarif',76.55,131.05,223.6),(2016,24,'2','24','Enge',2,'Einelternfamilientarif',36.45,65.6,109.85),(2016,31,'0','31','Alt-Wiedikon',0,'Grundtarif',26.6,52,80.3),(2016,31,'1','31','Alt-Wiedikon',1,'Verheiratetentarif',54.1,92.6,150.9),(2016,31,'2','31','Alt-Wiedikon',2,'Einelternfamilientarif',34.35,58.55,92.45),(2016,33,'0','33','Friesenberg',0,'Grundtarif',12.3,32.2,53.25),(2016,33,'1','33','Friesenberg',1,'Verheiratetentarif',45.45,70.4,101.2),(2016,33,'2','33','Friesenberg',2,'Einelternfamilientarif',24.4,40.2,59.5),(2016,34,'0','34','Sihlfeld',0,'Grundtarif',20.9,43.1,66.9),(2016,34,'1','34','Sihlfeld',1,'Verheiratetentarif',40.1,65,100.3),(2016,34,'2','34','Sihlfeld',2,'Einelternfamilientarif',22.2,39.6,60.2),(2016,41,'0','41','Werd',0,'Grundtarif',22.3,46.95,77.6),(2016,41,'1','41','Werd',1,'Verheiratetentarif',36.2,73,136.8),(2016,41,'2','41','Werd',2,'Einelternfamilientarif',25.55,51.1,87.8),(2016,42,'0','42','Langstrasse',0,'Grundtarif',19.6,44.5,71.5),(2016,42,'1','42','Langstrasse',1,'Verheiratetentarif',39.7,67.25,115.1),(2016,42,'2','42','Langstrasse',2,'Einelternfamilientarif',22.7,47.2,82.5),(2016,44,'0','44','Hard',0,'Grundtarif',16.4,34.3,55.8),(2016,44,'1','44','Hard',1,'Verheiratetentarif',33.1,53.2,76.6),(2016,44,'2','44','Hard',2,'Einelternfamilientarif',13.8,30.8,50.4),(2016,51,'0','51','Gewerbeschule',0,'Grundtarif',19.5,43,68.9),(2016,51,'1','51','Gewerbeschule',1,'Verheiratetentarif',41.55,68.85,107.75),(2016,51,'2','51','Gewerbeschule',2,'Einelternfamilientarif',29.2,48.2,70.1),(2016,52,'0','52','Escher Wyss',0,'Grundtarif',39.1,65.95,100.9),(2016,52,'1','52','Escher Wyss',1,'Verheiratetentarif',83.45,129.15,199.3),(2016,52,'2','52','Escher Wyss',2,'Einelternfamilientarif',40,71.5,108.3),(2016,61,'0','61','Unterstrass',0,'Grundtarif',21.65,46.7,73.85),(2016,61,'1','61','Unterstrass',1,'Verheiratetentarif',58,90.3,140.6),(2016,61,'2','61','Unterstrass',2,'Einelternfamilientarif',32.2,52.5,80.4),(2016,63,'0','63','Oberstrass',0,'Grundtarif',20.65,50.45,86.15),(2016,63,'1','63','Oberstrass',1,'Verheiratetentarif',85.1,137.1,219.2),(2016,63,'2','63','Oberstrass',2,'Einelternfamilientarif',40.7,71.1,120.4),(2016,71,'0','71','Fluntern',0,'Grundtarif',18,56.3,97.3),(2016,71,'1','71','Fluntern',1,'Verheiratetentarif',108,170.25,292.85),(2016,71,'2','71','Fluntern',2,'Einelternfamilientarif',48.9,89.6,148.6),(2016,72,'0','72','Hottingen',0,'Grundtarif',22.1,54.9,91.8),(2016,72,'1','72','Hottingen',1,'Verheiratetentarif',91.15,145.6,236.4),(2016,72,'2','72','Hottingen',2,'Einelternfamilientarif',52,83.5,131.2),(2016,73,'0','73','Hirslanden',0,'Grundtarif',21.15,49.85,82.55),(2016,73,'1','73','Hirslanden',1,'Verheiratetentarif',74,118.9,206.5),(2016,73,'2','73','Hirslanden',2,'Einelternfamilientarif',40.5,65,107),(2016,74,'0','74','Witikon',0,'Grundtarif',20,45.2,70.85),(2016,74,'1','74','Witikon',1,'Verheiratetentarif',70,106.7,164.8),(2016,74,'2','74','Witikon',2,'Einelternfamilientarif',38.8,60.7,92.1),(2016,81,'0','81','Seefeld',0,'Grundtarif',30,63.75,105.55),(2016,81,'1','81','Seefeld',1,'Verheiratetentarif',83.3,141.8,233.95),(2016,81,'2','81','Seefeld',2,'Einelternfamilientarif',43.9,79.1,126.7),(2016,82,'0','82','Mühlebach',0,'Grundtarif',25,55.7,95.7),(2016,82,'1','82','Mühlebach',1,'Verheiratetentarif',82.3,132.3,216),(2016,82,'2','82','Mühlebach',2,'Einelternfamilientarif',35.15,59.45,99.95),(2016,83,'0','83','Weinegg',0,'Grundtarif',17.3,46.25,75.2),(2016,83,'1','83','Weinegg',1,'Verheiratetentarif',72.4,115,197.5),(2016,83,'2','83','Weinegg',2,'Einelternfamilientarif',40.1,57.4,109.5),(2016,91,'0','91','Albisrieden',0,'Grundtarif',22.35,43.75,65.3),(2016,91,'1','91','Albisrieden',1,'Verheiratetentarif',53.55,80.45,115.3),(2016,91,'2','91','Albisrieden',2,'Einelternfamilientarif',28.9,48.8,73.65),(2016,92,'0','92','Altstetten',0,'Grundtarif',20,40.8,61.4),(2016,92,'1','92','Altstetten',1,'Verheiratetentarif',44,67.2,96.7),(2016,92,'2','92','Altstetten',2,'Einelternfamilientarif',19.15,37.85,59.4),(2016,101,'0','101','Höngg',0,'Grundtarif',22.9,48,72.6),(2016,101,'1','101','Höngg',1,'Verheiratetentarif',64.1,95.4,141.6),(2016,101,'2','101','Höngg',2,'Einelternfamilientarif',33.1,57.5,88.6),(2016,102,'0','102','Wipkingen',0,'Grundtarif',22.4,46.1,69.8),(2016,102,'1','102','Wipkingen',1,'Verheiratetentarif',52,82,128.3),(2016,102,'2','102','Wipkingen',2,'Einelternfamilientarif',29.9,51.7,73.7),(2016,111,'0','111','Affoltern',0,'Grundtarif',17.3,37.8,58.8),(2016,111,'1','111','Affoltern',1,'Verheiratetentarif',46.5,72.1,100.75),(2016,111,'2','111','Affoltern',2,'Einelternfamilientarif',20,39.15,60.35),(2016,115,'0','115','Oerlikon',0,'Grundtarif',21.1,46,71),(2016,115,'1','115','Oerlikon',1,'Verheiratetentarif',54.4,89,136.3),(2016,115,'2','115','Oerlikon',2,'Einelternfamilientarif',25.8,52.3,80.65),(2016,119,'0','119','Seebach',0,'Grundtarif',18,39,60.7),(2016,119,'1','119','Seebach',1,'Verheiratetentarif',43.3,70.5,103.1),(2016,119,'2','119','Seebach',2,'Einelternfamilientarif',16.8,36.3,56.6),(2016,121,'0','121','Saatlen',0,'Grundtarif',14.1,32.6,52.1),(2016,121,'1','121','Saatlen',1,'Verheiratetentarif',37.8,61.65,89.05),(2016,121,'2','121','Saatlen',2,'Einelternfamilientarif',15.7,35.3,51.7),(2016,122,'0','122','Schwamendingen-Mitte',0,'Grundtarif',17.15,34.1,52.3),(2016,122,'1','122','Schwamendingen-Mitte',1,'Verheiratetentarif',36.4,58.7,84.8),(2016,122,'2','122','Schwamendingen-Mitte',2,'Einelternfamilientarif',12.7,30,49.4),(2016,123,'0','123','Hirzenbach',0,'Grundtarif',11.7,30.2,49.3),(2016,123,'1','123','Hirzenbach',1,'Verheiratetentarif',38,58.5,83),(2016,123,'2','123','Hirzenbach',2,'Einelternfamilientarif',4.6,28.5,48.5),(2017,11,'0','11','Rathaus',0,'Grundtarif',20.1,48.8,84.2),(2017,11,'1','11','Rathaus',1,'Verheiratetentarif',82.4,132.1,217.4),(2017,11,'2','11','Rathaus',2,'Einelternfamilientarif',39.1,62.2,105.4),(2017,12,'0','12','Hochschulen',0,'Grundtarif',12.05,38.55,77.4),(2017,12,'1','12','Hochschulen',1,'Verheiratetentarif',71.55,148.45,229.7),(2017,12,'2','12','Hochschulen',2,'Einelternfamilientarif',0,0,0),(2017,13,'0','13','Lindenhof',0,'Grundtarif',17.8,50.75,95.8),(2017,13,'1','13','Lindenhof',1,'Verheiratetentarif',57.6,99.6,189.1),(2017,13,'2','13','Lindenhof',2,'Einelternfamilientarif',0,0,0),(2017,14,'0','14','City',0,'Grundtarif',3.6,31,73.7),(2017,14,'1','14','City',1,'Verheiratetentarif',55.2,107,208.1),(2017,14,'2','14','City',2,'Einelternfamilientarif',0,0,0),(2017,21,'0','21','Wollishofen',0,'Grundtarif',19.1,43.1,69),(2017,21,'1','21','Wollishofen',1,'Verheiratetentarif',60.3,94.3,150.8),(2017,21,'2','21','Wollishofen',2,'Einelternfamilientarif',28.7,48.35,77.3),(2017,23,'0','23','Leimbach',0,'Grundtarif',15.5,35.6,58.3),(2017,23,'1','23','Leimbach',1,'Verheiratetentarif',48.6,78.2,114.1),(2017,23,'2','23','Leimbach',2,'Einelternfamilientarif',18.1,42.1,65.2),(2017,24,'0','24','Enge',0,'Grundtarif',28.4,59.6,101.3),(2017,24,'1','24','Enge',1,'Verheiratetentarif',81.3,138.1,226.7),(2017,24,'2','24','Enge',2,'Einelternfamilientarif',34.6,68.1,120.7),(2017,31,'0','31','Alt-Wiedikon',0,'Grundtarif',26.1,51.3,79.5),(2017,31,'1','31','Alt-Wiedikon',1,'Verheiratetentarif',54.8,95.15,154.5),(2017,31,'2','31','Alt-Wiedikon',2,'Einelternfamilientarif',33.2,57.65,95.35),(2017,33,'0','33','Friesenberg',0,'Grundtarif',10.7,32.2,53),(2017,33,'1','33','Friesenberg',1,'Verheiratetentarif',47.1,71.1,103.8),(2017,33,'2','33','Friesenberg',2,'Einelternfamilientarif',26.7,41.4,62),(2017,34,'0','34','Sihlfeld',0,'Grundtarif',20.5,44.5,67.8),(2017,34,'1','34','Sihlfeld',1,'Verheiratetentarif',40.9,67.95,105.5),(2017,34,'2','34','Sihlfeld',2,'Einelternfamilientarif',22.05,39.3,59.75),(2017,41,'0','41','Werd',0,'Grundtarif',23,48.3,76.8),(2017,41,'1','41','Werd',1,'Verheiratetentarif',37.1,76.9,141.4),(2017,41,'2','41','Werd',2,'Einelternfamilientarif',31.5,50.7,83.7),(2017,42,'0','42','Langstrasse',0,'Grundtarif',18.9,44.4,71.8),(2017,42,'1','42','Langstrasse',1,'Verheiratetentarif',43,72.2,125.7),(2017,42,'2','42','Langstrasse',2,'Einelternfamilientarif',25.3,49.25,80.8),(2017,44,'0','44','Hard',0,'Grundtarif',15.9,35.3,56.4),(2017,44,'1','44','Hard',1,'Verheiratetentarif',33.85,54,79.2),(2017,44,'2','44','Hard',2,'Einelternfamilientarif',15,31.4,49.3),(2017,51,'0','51','Gewerbeschule',0,'Grundtarif',19,41.8,69.4),(2017,51,'1','51','Gewerbeschule',1,'Verheiratetentarif',42.6,68.5,106.7),(2017,51,'2','51','Gewerbeschule',2,'Einelternfamilientarif',25,45.1,68.4),(2017,52,'0','52','Escher Wyss',0,'Grundtarif',38.9,66.5,101.6),(2017,52,'1','52','Escher Wyss',1,'Verheiratetentarif',93.1,143.45,212.15),(2017,52,'2','52','Escher Wyss',2,'Einelternfamilientarif',38.45,69.25,113.4),(2017,61,'0','61','Unterstrass',0,'Grundtarif',21,46.4,73.8),(2017,61,'1','61','Unterstrass',1,'Verheiratetentarif',59.2,91.25,142.4),(2017,61,'2','61','Unterstrass',2,'Einelternfamilientarif',33.1,52.4,77),(2017,63,'0','63','Oberstrass',0,'Grundtarif',19.5,49.6,84),(2017,63,'1','63','Oberstrass',1,'Verheiratetentarif',84.95,142.35,222.35),(2017,63,'2','63','Oberstrass',2,'Einelternfamilientarif',44.6,69.2,115.7),(2017,71,'0','71','Fluntern',0,'Grundtarif',17.7,56.2,100.1),(2017,71,'1','71','Fluntern',1,'Verheiratetentarif',106.5,172.9,287.35),(2017,71,'2','71','Fluntern',2,'Einelternfamilientarif',55.2,98.3,151.9),(2017,72,'0','72','Hottingen',0,'Grundtarif',22.1,55.5,92.3),(2017,72,'1','72','Hottingen',1,'Verheiratetentarif',92.7,150.2,242.6),(2017,72,'2','72','Hottingen',2,'Einelternfamilientarif',52.3,83.4,133.6),(2017,73,'0','73','Hirslanden',0,'Grundtarif',20,48.8,82.5),(2017,73,'1','73','Hirslanden',1,'Verheiratetentarif',78.8,122.4,208.7),(2017,73,'2','73','Hirslanden',2,'Einelternfamilientarif',38.3,60.75,96.6),(2017,74,'0','74','Witikon',0,'Grundtarif',20,45.1,72.55),(2017,74,'1','74','Witikon',1,'Verheiratetentarif',70,109.1,169.7),(2017,74,'2','74','Witikon',2,'Einelternfamilientarif',38.5,59.4,86.9),(2017,81,'0','81','Seefeld',0,'Grundtarif',30.9,63.8,103.8),(2017,81,'1','81','Seefeld',1,'Verheiratetentarif',87.6,146.75,247.2),(2017,81,'2','81','Seefeld',2,'Einelternfamilientarif',46.9,75,128.3),(2017,82,'0','82','Mühlebach',0,'Grundtarif',24.45,56.3,97),(2017,82,'1','82','Mühlebach',1,'Verheiratetentarif',85.45,133.7,220.4),(2017,82,'2','82','Mühlebach',2,'Einelternfamilientarif',34.9,59.9,102.7),(2017,83,'0','83','Weinegg',0,'Grundtarif',15.9,47.1,77.1),(2017,83,'1','83','Weinegg',1,'Verheiratetentarif',74.15,117.15,202.9),(2017,83,'2','83','Weinegg',2,'Einelternfamilientarif',38,64.2,114.6),(2017,91,'0','91','Albisrieden',0,'Grundtarif',22.1,44.3,65.9),(2017,91,'1','91','Albisrieden',1,'Verheiratetentarif',53.2,80.9,117.1),(2017,91,'2','91','Albisrieden',2,'Einelternfamilientarif',29.5,51.75,75.9),(2017,92,'0','92','Altstetten',0,'Grundtarif',19.7,41.6,62.8),(2017,92,'1','92','Altstetten',1,'Verheiratetentarif',44.1,68.2,99),(2017,92,'2','92','Altstetten',2,'Einelternfamilientarif',19.8,38.35,60.1),(2017,101,'0','101','Höngg',0,'Grundtarif',22.3,47.4,72.5),(2017,101,'1','101','Höngg',1,'Verheiratetentarif',64.9,96.2,145.1),(2017,101,'2','101','Höngg',2,'Einelternfamilientarif',35,54.6,86.4),(2017,102,'0','102','Wipkingen',0,'Grundtarif',22.3,46.1,69.6),(2017,102,'1','102','Wipkingen',1,'Verheiratetentarif',55.55,87.15,132.4),(2017,102,'2','102','Wipkingen',2,'Einelternfamilientarif',31.9,53.5,77.2),(2017,111,'0','111','Affoltern',0,'Grundtarif',18,38.8,58.7),(2017,111,'1','111','Affoltern',1,'Verheiratetentarif',46.8,71.7,100.1),(2017,111,'2','111','Affoltern',2,'Einelternfamilientarif',20,39.8,61.3),(2017,115,'0','115','Oerlikon',0,'Grundtarif',20.7,46.1,70.6),(2017,115,'1','115','Oerlikon',1,'Verheiratetentarif',55.7,91.05,138.4),(2017,115,'2','115','Oerlikon',2,'Einelternfamilientarif',26.4,50.9,83.4),(2017,119,'0','119','Seebach',0,'Grundtarif',17.8,39.2,61.3),(2017,119,'1','119','Seebach',1,'Verheiratetentarif',44.7,71.35,106.15),(2017,119,'2','119','Seebach',2,'Einelternfamilientarif',14.8,36.8,56.4),(2017,121,'0','121','Saatlen',0,'Grundtarif',13.3,32.7,52.5),(2017,121,'1','121','Saatlen',1,'Verheiratetentarif',38.4,62.2,89.4),(2017,121,'2','121','Saatlen',2,'Einelternfamilientarif',19.5,37.9,54.5),(2017,122,'0','122','Schwamendingen-Mitte',0,'Grundtarif',17.5,35,52.6),(2017,122,'1','122','Schwamendingen-Mitte',1,'Verheiratetentarif',36.6,59.4,87),(2017,122,'2','122','Schwamendingen-Mitte',2,'Einelternfamilientarif',5.2,27.15,45.6),(2017,123,'0','123','Hirzenbach',0,'Grundtarif',11.5,31.3,51.1),(2017,123,'1','123','Hirzenbach',1,'Verheiratetentarif',39.4,61.4,85.25),(2017,123,'2','123','Hirzenbach',2,'Einelternfamilientarif',11.8,29.3,49),(2018,11,'0','11','Rathaus',0,'Grundtarif',19.6,47.9,85.8),(2018,11,'1','11','Rathaus',1,'Verheiratetentarif',73.4,125.1,215),(2018,11,'2','11','Rathaus',2,'Einelternfamilientarif',35.2,57.5,97.9),(2018,12,'0','12','Hochschulen',0,'Grundtarif',11.5,35.05,71.9),(2018,12,'1','12','Hochschulen',1,'Verheiratetentarif',68,143.9,277.9),(2018,12,'2','12','Hochschulen',2,'Einelternfamilientarif',0,0,0),(2018,13,'0','13','Lindenhof',0,'Grundtarif',23.5,53.15,92.15),(2018,13,'1','13','Lindenhof',1,'Verheiratetentarif',67.5,119.9,213),(2018,13,'2','13','Lindenhof',2,'Einelternfamilientarif',0,0,0),(2018,14,'0','14','City',0,'Grundtarif',0.3,27.5,75.7),(2018,14,'1','14','City',1,'Verheiratetentarif',49.1,103.9,223.5),(2018,14,'2','14','City',2,'Einelternfamilientarif',0,0,0),(2018,21,'0','21','Wollishofen',0,'Grundtarif',20,43.9,70.4),(2018,21,'1','21','Wollishofen',1,'Verheiratetentarif',61.8,94.4,155.5),(2018,21,'2','21','Wollishofen',2,'Einelternfamilientarif',28.6,51.1,81.6),(2018,23,'0','23','Leimbach',0,'Grundtarif',15,35.9,59.3),(2018,23,'1','23','Leimbach',1,'Verheiratetentarif',51.4,80.9,119.5),(2018,23,'2','23','Leimbach',2,'Einelternfamilientarif',17.2,42.7,64),(2018,24,'0','24','Enge',0,'Grundtarif',27.7,60.8,102.7),(2018,24,'1','24','Enge',1,'Verheiratetentarif',81.6,137.8,238.8),(2018,24,'2','24','Enge',2,'Einelternfamilientarif',41.3,70.9,122.9),(2018,31,'0','31','Alt-Wiedikon',0,'Grundtarif',26.7,52.5,80.7),(2018,31,'1','31','Alt-Wiedikon',1,'Verheiratetentarif',55.8,98.9,160.7),(2018,31,'2','31','Alt-Wiedikon',2,'Einelternfamilientarif',36.8,62.4,94.2),(2018,33,'0','33','Friesenberg',0,'Grundtarif',11.2,33,53.3),(2018,33,'1','33','Friesenberg',1,'Verheiratetentarif',47.3,70.7,104.1),(2018,33,'2','33','Friesenberg',2,'Einelternfamilientarif',25.3,42.7,65.7),(2018,34,'0','34','Sihlfeld',0,'Grundtarif',21.6,45,69.5),(2018,34,'1','34','Sihlfeld',1,'Verheiratetentarif',42.7,70.9,109.8),(2018,34,'2','34','Sihlfeld',2,'Einelternfamilientarif',23.5,41.45,63.9),(2018,41,'0','41','Werd',0,'Grundtarif',23.9,50,79.5),(2018,41,'1','41','Werd',1,'Verheiratetentarif',38.1,84.3,154.9),(2018,41,'2','41','Werd',2,'Einelternfamilientarif',26.2,46.2,76.35),(2018,42,'0','42','Langstrasse',0,'Grundtarif',19.4,45,74.3),(2018,42,'1','42','Langstrasse',1,'Verheiratetentarif',42.9,75.2,137.7),(2018,42,'2','42','Langstrasse',2,'Einelternfamilientarif',30.95,50.1,75.1),(2018,44,'0','44','Hard',0,'Grundtarif',16.3,36,58.4),(2018,44,'1','44','Hard',1,'Verheiratetentarif',35.4,55.75,80.75),(2018,44,'2','44','Hard',2,'Einelternfamilientarif',17.9,36.1,53.6),(2018,51,'0','51','Gewerbeschule',0,'Grundtarif',20.2,43.8,70.1),(2018,51,'1','51','Gewerbeschule',1,'Verheiratetentarif',42.2,70.8,112.7),(2018,51,'2','51','Gewerbeschule',2,'Einelternfamilientarif',29.05,45.7,73.1),(2018,52,'0','52','Escher Wyss',0,'Grundtarif',40,67.15,102.1),(2018,52,'1','52','Escher Wyss',1,'Verheiratetentarif',93.4,151.1,219.1),(2018,52,'2','52','Escher Wyss',2,'Einelternfamilientarif',48.6,75.8,112),(2018,61,'0','61','Unterstrass',0,'Grundtarif',21,46.5,73.8),(2018,61,'1','61','Unterstrass',1,'Verheiratetentarif',60,94.9,147.1),(2018,61,'2','61','Unterstrass',2,'Einelternfamilientarif',34.4,55,84.1),(2018,63,'0','63','Oberstrass',0,'Grundtarif',20.8,50.7,86.1),(2018,63,'1','63','Oberstrass',1,'Verheiratetentarif',89.3,148.1,227.2),(2018,63,'2','63','Oberstrass',2,'Einelternfamilientarif',47.5,72.8,111.3),(2018,71,'0','71','Fluntern',0,'Grundtarif',18.3,54.2,97),(2018,71,'1','71','Fluntern',1,'Verheiratetentarif',107.4,172,282),(2018,71,'2','71','Fluntern',2,'Einelternfamilientarif',47.4,96.3,152.7),(2018,72,'0','72','Hottingen',0,'Grundtarif',23.8,55.8,94.5),(2018,72,'1','72','Hottingen',1,'Verheiratetentarif',94.9,154.9,250.8),(2018,72,'2','72','Hottingen',2,'Einelternfamilientarif',51.9,83.4,128.4),(2018,73,'0','73','Hirslanden',0,'Grundtarif',20,48.5,81.7),(2018,73,'1','73','Hirslanden',1,'Verheiratetentarif',80.5,121.7,203.8),(2018,73,'2','73','Hirslanden',2,'Einelternfamilientarif',40.3,63.3,108.3),(2018,74,'0','74','Witikon',0,'Grundtarif',19.8,45.25,73.45),(2018,74,'1','74','Witikon',1,'Verheiratetentarif',73.8,111.9,173.7),(2018,74,'2','74','Witikon',2,'Einelternfamilientarif',40.8,62.9,93.3),(2018,81,'0','81','Seefeld',0,'Grundtarif',32.3,66.5,108.7),(2018,81,'1','81','Seefeld',1,'Verheiratetentarif',87.3,147.55,260.4),(2018,81,'2','81','Seefeld',2,'Einelternfamilientarif',52.4,84.7,128.9),(2018,82,'0','82','Mühlebach',0,'Grundtarif',24.2,57.65,100),(2018,82,'1','82','Mühlebach',1,'Verheiratetentarif',84.2,139.1,229.9),(2018,82,'2','82','Mühlebach',2,'Einelternfamilientarif',36.9,63.05,107.5),(2018,83,'0','83','Weinegg',0,'Grundtarif',16,46.8,79.5),(2018,83,'1','83','Weinegg',1,'Verheiratetentarif',75.6,121.1,205.9),(2018,83,'2','83','Weinegg',2,'Einelternfamilientarif',45.3,75.1,116.2),(2018,91,'0','91','Albisrieden',0,'Grundtarif',21.9,44.2,66.8),(2018,91,'1','91','Albisrieden',1,'Verheiratetentarif',55.2,82.7,119.5),(2018,91,'2','91','Albisrieden',2,'Einelternfamilientarif',32.6,53.9,79.2),(2018,92,'0','92','Altstetten',0,'Grundtarif',20.3,43.2,65.3),(2018,92,'1','92','Altstetten',1,'Verheiratetentarif',46.1,70.25,102.2),(2018,92,'2','92','Altstetten',2,'Einelternfamilientarif',20.3,39.9,60.9),(2018,101,'0','101','Höngg',0,'Grundtarif',22.5,47.6,73),(2018,101,'1','101','Höngg',1,'Verheiratetentarif',65.6,98.4,147.2),(2018,101,'2','101','Höngg',2,'Einelternfamilientarif',35.75,58.2,86.65),(2018,102,'0','102','Wipkingen',0,'Grundtarif',22.9,47.2,70.3),(2018,102,'1','102','Wipkingen',1,'Verheiratetentarif',58.2,88.1,134.3),(2018,102,'2','102','Wipkingen',2,'Einelternfamilientarif',31.8,55.3,79.8),(2018,111,'0','111','Affoltern',0,'Grundtarif',17.6,38.55,59.7),(2018,111,'1','111','Affoltern',1,'Verheiratetentarif',48.1,72.9,101.75),(2018,111,'2','111','Affoltern',2,'Einelternfamilientarif',20,40,61),(2018,115,'0','115','Oerlikon',0,'Grundtarif',21.4,46.7,71.9),(2018,115,'1','115','Oerlikon',1,'Verheiratetentarif',57.9,95.8,144.5),(2018,115,'2','115','Oerlikon',2,'Einelternfamilientarif',28,55.4,85),(2018,119,'0','119','Seebach',0,'Grundtarif',17.8,39.45,61.8),(2018,119,'1','119','Seebach',1,'Verheiratetentarif',45.3,72.35,107.7),(2018,119,'2','119','Seebach',2,'Einelternfamilientarif',14.2,37,58.7),(2018,121,'0','121','Saatlen',0,'Grundtarif',13.1,32.5,53.1),(2018,121,'1','121','Saatlen',1,'Verheiratetentarif',40.2,63.75,91.3),(2018,121,'2','121','Saatlen',2,'Einelternfamilientarif',16,37.4,55.7),(2018,122,'0','122','Schwamendingen-Mitte',0,'Grundtarif',16.5,35,53),(2018,122,'1','122','Schwamendingen-Mitte',1,'Verheiratetentarif',38.9,62,90.6),(2018,122,'2','122','Schwamendingen-Mitte',2,'Einelternfamilientarif',10.15,30.9,48.05),(2018,123,'0','123','Hirzenbach',0,'Grundtarif',11.5,32.75,51.95),(2018,123,'1','123','Hirzenbach',1,'Verheiratetentarif',39.5,61.4,86.9),(2018,123,'2','123','Hirzenbach',2,'Einelternfamilientarif',15.7,31.4,47.4),(2019,11,'0','11','Rathaus',0,'Grundtarif',19.1,47.4,85.5),(2019,11,'1','11','Rathaus',1,'Verheiratetentarif',68.1,122,196.7),(2019,11,'2','11','Rathaus',2,'Einelternfamilientarif',34.4,60.35,97.5),(2019,12,'0','12','Hochschulen',0,'Grundtarif',10,31.45,72.4),(2019,12,'1','12','Hochschulen',1,'Verheiratetentarif',80.85,150.55,280.85),(2019,12,'2','12','Hochschulen',2,'Einelternfamilientarif',0,0,0),(2019,13,'0','13','Lindenhof',0,'Grundtarif',20,52.55,93.7),(2019,13,'1','13','Lindenhof',1,'Verheiratetentarif',72.6,114.2,202.4),(2019,13,'2','13','Lindenhof',2,'Einelternfamilientarif',0,0,0),(2019,14,'0','14','City',0,'Grundtarif',1.1,30,72.5),(2019,14,'1','14','City',1,'Verheiratetentarif',59.1,115.3,206.8),(2019,14,'2','14','City',2,'Einelternfamilientarif',0,0,0),(2019,21,'0','21','Wollishofen',0,'Grundtarif',20.9,44.9,71.9),(2019,21,'1','21','Wollishofen',1,'Verheiratetentarif',61.3,96.3,155.9),(2019,21,'2','21','Wollishofen',2,'Einelternfamilientarif',30.4,53.2,80.6),(2019,23,'0','23','Leimbach',0,'Grundtarif',16,37.3,59.2),(2019,23,'1','23','Leimbach',1,'Verheiratetentarif',55.9,81.9,119.7),(2019,23,'2','23','Leimbach',2,'Einelternfamilientarif',22.8,42.5,63.4),(2019,24,'0','24','Enge',0,'Grundtarif',28.6,61.8,103.1),(2019,24,'1','24','Enge',1,'Verheiratetentarif',83.4,140.6,239.9),(2019,24,'2','24','Enge',2,'Einelternfamilientarif',47.4,75.1,116.2),(2019,31,'0','31','Alt-Wiedikon',0,'Grundtarif',26.9,53.9,82.8),(2019,31,'1','31','Alt-Wiedikon',1,'Verheiratetentarif',58,100.1,159.8),(2019,31,'2','31','Alt-Wiedikon',2,'Einelternfamilientarif',37.7,64.1,98.9),(2019,33,'0','33','Friesenberg',0,'Grundtarif',11.1,33.1,54.15),(2019,33,'1','33','Friesenberg',1,'Verheiratetentarif',46.6,71.9,103.85),(2019,33,'2','33','Friesenberg',2,'Einelternfamilientarif',26.3,43.6,65.7),(2019,34,'0','34','Sihlfeld',0,'Grundtarif',22.9,45.6,70.2),(2019,34,'1','34','Sihlfeld',1,'Verheiratetentarif',43.9,72.5,112.4),(2019,34,'2','34','Sihlfeld',2,'Einelternfamilientarif',25.7,44.7,66.9),(2019,41,'0','41','Werd',0,'Grundtarif',24.9,52.4,82.5),(2019,41,'1','41','Werd',1,'Verheiratetentarif',36.2,83.5,163.8),(2019,41,'2','41','Werd',2,'Einelternfamilientarif',24.2,46.9,81.7),(2019,42,'0','42','Langstrasse',0,'Grundtarif',20.6,47.6,76.8),(2019,42,'1','42','Langstrasse',1,'Verheiratetentarif',46.8,84.2,145.1),(2019,42,'2','42','Langstrasse',2,'Einelternfamilientarif',30.95,53.15,83.9),(2019,44,'0','44','Hard',0,'Grundtarif',17.4,37,59.6),(2019,44,'1','44','Hard',1,'Verheiratetentarif',36.2,57.7,82.7),(2019,44,'2','44','Hard',2,'Einelternfamilientarif',20,38.7,57.8),(2019,51,'0','51','Gewerbeschule',0,'Grundtarif',20.7,45.4,72.2),(2019,51,'1','51','Gewerbeschule',1,'Verheiratetentarif',45.75,78.65,122.3),(2019,51,'2','51','Gewerbeschule',2,'Einelternfamilientarif',28.95,49.25,73.4),(2019,52,'0','52','Escher Wyss',0,'Grundtarif',40.6,68.5,103.6),(2019,52,'1','52','Escher Wyss',1,'Verheiratetentarif',96,148.8,213.5),(2019,52,'2','52','Escher Wyss',2,'Einelternfamilientarif',46.5,80.9,117.7),(2019,61,'0','61','Unterstrass',0,'Grundtarif',21.3,47.5,75),(2019,61,'1','61','Unterstrass',1,'Verheiratetentarif',61.1,97,152),(2019,61,'2','61','Unterstrass',2,'Einelternfamilientarif',34.8,56.1,85.3),(2019,63,'0','63','Oberstrass',0,'Grundtarif',23.7,52.6,87.6),(2019,63,'1','63','Oberstrass',1,'Verheiratetentarif',91.5,148.25,232.5),(2019,63,'2','63','Oberstrass',2,'Einelternfamilientarif',47.9,72.7,117.9),(2019,71,'0','71','Fluntern',0,'Grundtarif',19.4,54,95.8),(2019,71,'1','71','Fluntern',1,'Verheiratetentarif',107.1,173.35,275.5),(2019,71,'2','71','Fluntern',2,'Einelternfamilientarif',59.7,98.3,156.2),(2019,72,'0','72','Hottingen',0,'Grundtarif',23.7,57.2,94.6),(2019,72,'1','72','Hottingen',1,'Verheiratetentarif',96.9,155.8,254.5),(2019,72,'2','72','Hottingen',2,'Einelternfamilientarif',53,82.9,133.9),(2019,73,'0','73','Hirslanden',0,'Grundtarif',20.3,48.6,82.9),(2019,73,'1','73','Hirslanden',1,'Verheiratetentarif',79.6,123.15,208.7),(2019,73,'2','73','Hirslanden',2,'Einelternfamilientarif',45.1,68,115.4),(2019,74,'0','74','Witikon',0,'Grundtarif',20.1,46.8,74.1),(2019,74,'1','74','Witikon',1,'Verheiratetentarif',75.5,113.7,176.4),(2019,74,'2','74','Witikon',2,'Einelternfamilientarif',43.2,65.5,100.7),(2019,81,'0','81','Seefeld',0,'Grundtarif',33.3,66.5,106.6),(2019,81,'1','81','Seefeld',1,'Verheiratetentarif',90.7,151.5,254),(2019,81,'2','81','Seefeld',2,'Einelternfamilientarif',55.4,88.3,139.6),(2019,82,'0','82','Mühlebach',0,'Grundtarif',26.1,58.25,98.2),(2019,82,'1','82','Mühlebach',1,'Verheiratetentarif',90.7,142.55,231.5),(2019,82,'2','82','Mühlebach',2,'Einelternfamilientarif',36.7,68,110.8),(2019,83,'0','83','Weinegg',0,'Grundtarif',16.8,47.1,79.8),(2019,83,'1','83','Weinegg',1,'Verheiratetentarif',79.1,127,210),(2019,83,'2','83','Weinegg',2,'Einelternfamilientarif',49.6,76.9,125.9),(2019,91,'0','91','Albisrieden',0,'Grundtarif',22.9,45.5,68.5),(2019,91,'1','91','Albisrieden',1,'Verheiratetentarif',58.1,85.8,124.2),(2019,91,'2','91','Albisrieden',2,'Einelternfamilientarif',34,54.9,81.5),(2019,92,'0','92','Altstetten',0,'Grundtarif',20.6,43.9,66),(2019,92,'1','92','Altstetten',1,'Verheiratetentarif',47.8,71.75,104),(2019,92,'2','92','Altstetten',2,'Einelternfamilientarif',22.3,41.7,67),(2019,101,'0','101','Höngg',0,'Grundtarif',23.2,48.2,72.5),(2019,101,'1','101','Höngg',1,'Verheiratetentarif',65.7,98.2,148.9),(2019,101,'2','101','Höngg',2,'Einelternfamilientarif',34.6,57.5,89.8),(2019,102,'0','102','Wipkingen',0,'Grundtarif',23.1,47.6,71.1),(2019,102,'1','102','Wipkingen',1,'Verheiratetentarif',60.8,92.55,135.2),(2019,102,'2','102','Wipkingen',2,'Einelternfamilientarif',33.7,57.05,82),(2019,111,'0','111','Affoltern',0,'Grundtarif',18.5,39.35,60.1),(2019,111,'1','111','Affoltern',1,'Verheiratetentarif',49.9,74.4,103.8),(2019,111,'2','111','Affoltern',2,'Einelternfamilientarif',20,41.1,62.3),(2019,115,'0','115','Oerlikon',0,'Grundtarif',21.3,47.6,73.1),(2019,115,'1','115','Oerlikon',1,'Verheiratetentarif',60.2,97,147.8),(2019,115,'2','115','Oerlikon',2,'Einelternfamilientarif',31.5,54.75,84.8),(2019,119,'0','119','Seebach',0,'Grundtarif',18.1,39.9,62.4),(2019,119,'1','119','Seebach',1,'Verheiratetentarif',46.3,73.9,110),(2019,119,'2','119','Seebach',2,'Einelternfamilientarif',18.7,39.5,62.5),(2019,121,'0','121','Saatlen',0,'Grundtarif',12.8,33.3,53.2),(2019,121,'1','121','Saatlen',1,'Verheiratetentarif',40.9,65.2,93.9),(2019,121,'2','121','Saatlen',2,'Einelternfamilientarif',18,39.5,56.5),(2019,122,'0','122','Schwamendingen-Mitte',0,'Grundtarif',17.5,35.1,53.8),(2019,122,'1','122','Schwamendingen-Mitte',1,'Verheiratetentarif',39.95,64.05,92.35),(2019,122,'2','122','Schwamendingen-Mitte',2,'Einelternfamilientarif',11,30,47.9),(2019,123,'0','123','Hirzenbach',0,'Grundtarif',12.6,33.2,52.6),(2019,123,'1','123','Hirzenbach',1,'Verheiratetentarif',41.2,62.5,87),(2019,123,'2','123','Hirzenbach',2,'Einelternfamilientarif',16.2,33.2,48.8),(2020,11,'0','11','Rathaus',0,'Grundtarif',20.55,49.45,86.15),(2020,11,'1','11','Rathaus',1,'Verheiratetentarif',69.9,122.35,198.5),(2020,11,'2','11','Rathaus',2,'Einelternfamilientarif',30.05,60.7,91.1),(2020,12,'0','12','Hochschulen',0,'Grundtarif',12,36,75.5),(2020,12,'1','12','Hochschulen',1,'Verheiratetentarif',74,136.2,249.2),(2020,12,'2','12','Hochschulen',2,'Einelternfamilientarif',0,0,0),(2020,13,'0','13','Lindenhof',0,'Grundtarif',24.4,61,101.2),(2020,13,'1','13','Lindenhof',1,'Verheiratetentarif',64.35,117.15,193.3),(2020,13,'2','13','Lindenhof',2,'Einelternfamilientarif',0,0,0),(2020,14,'0','14','City',0,'Grundtarif',1.4,27.9,66.4),(2020,14,'1','14','City',1,'Verheiratetentarif',56.1,118.3,178.4),(2020,14,'2','14','City',2,'Einelternfamilientarif',0,0,0),(2020,21,'0','21','Wollishofen',0,'Grundtarif',20.9,45.3,73),(2020,21,'1','21','Wollishofen',1,'Verheiratetentarif',63.2,99.1,156.9),(2020,21,'2','21','Wollishofen',2,'Einelternfamilientarif',32.3,53.6,83.9),(2020,23,'0','23','Leimbach',0,'Grundtarif',16.2,36.5,58.9),(2020,23,'1','23','Leimbach',1,'Verheiratetentarif',56.3,83.4,119),(2020,23,'2','23','Leimbach',2,'Einelternfamilientarif',22.9,43.7,65.9),(2020,24,'0','24','Enge',0,'Grundtarif',28.2,62.1,104.5),(2020,24,'1','24','Enge',1,'Verheiratetentarif',85.2,141.9,233.8),(2020,24,'2','24','Enge',2,'Einelternfamilientarif',49.2,73.7,122.7),(2020,31,'0','31','Alt-Wiedikon',0,'Grundtarif',27.7,54.8,83.9),(2020,31,'1','31','Alt-Wiedikon',1,'Verheiratetentarif',59.9,99.3,158.8),(2020,31,'2','31','Alt-Wiedikon',2,'Einelternfamilientarif',35.1,65,98.8),(2020,33,'0','33','Friesenberg',0,'Grundtarif',11.7,32.75,54.9),(2020,33,'1','33','Friesenberg',1,'Verheiratetentarif',46.85,71.75,106.1),(2020,33,'2','33','Friesenberg',2,'Einelternfamilientarif',28.4,43.8,66.5),(2020,34,'0','34','Sihlfeld',0,'Grundtarif',22.7,45.8,70.7),(2020,34,'1','34','Sihlfeld',1,'Verheiratetentarif',45.5,75.2,116.3),(2020,34,'2','34','Sihlfeld',2,'Einelternfamilientarif',26.6,45.2,69),(2020,41,'0','41','Werd',0,'Grundtarif',25.8,52.3,83.9),(2020,41,'1','41','Werd',1,'Verheiratetentarif',36.35,88.45,157.6),(2020,41,'2','41','Werd',2,'Einelternfamilientarif',35.3,56.8,97.2),(2020,42,'0','42','Langstrasse',0,'Grundtarif',21.8,48.9,78.1),(2020,42,'1','42','Langstrasse',1,'Verheiratetentarif',46.8,86.2,146.4),(2020,42,'2','42','Langstrasse',2,'Einelternfamilientarif',31.2,56.65,85.1),(2020,44,'0','44','Hard',0,'Grundtarif',18,37.8,60.1),(2020,44,'1','44','Hard',1,'Verheiratetentarif',36.05,59.7,86.45),(2020,44,'2','44','Hard',2,'Einelternfamilientarif',19,37.7,56.7),(2020,51,'0','51','Gewerbeschule',0,'Grundtarif',22.2,47,72.1),(2020,51,'1','51','Gewerbeschule',1,'Verheiratetentarif',42.8,75.6,122.1),(2020,51,'2','51','Gewerbeschule',2,'Einelternfamilientarif',28.6,48.8,74.3),(2020,52,'0','52','Escher Wyss',0,'Grundtarif',38.6,66.8,102.3),(2020,52,'1','52','Escher Wyss',1,'Verheiratetentarif',93.8,149.25,217.2),(2020,52,'2','52','Escher Wyss',2,'Einelternfamilientarif',43.8,77.8,125.7),(2020,61,'0','61','Unterstrass',0,'Grundtarif',22,48,74.5),(2020,61,'1','61','Unterstrass',1,'Verheiratetentarif',62.3,97.8,155),(2020,61,'2','61','Unterstrass',2,'Einelternfamilientarif',35.8,56.8,90.6),(2020,63,'0','63','Oberstrass',0,'Grundtarif',22.1,53.2,88.1),(2020,63,'1','63','Oberstrass',1,'Verheiratetentarif',93.7,147.8,231.8),(2020,63,'2','63','Oberstrass',2,'Einelternfamilientarif',47.2,73.05,115.5),(2020,71,'0','71','Fluntern',0,'Grundtarif',19.8,55,95.8),(2020,71,'1','71','Fluntern',1,'Verheiratetentarif',105.6,169.6,269),(2020,71,'2','71','Fluntern',2,'Einelternfamilientarif',54.9,92,156.1),(2020,72,'0','72','Hottingen',0,'Grundtarif',24.2,56.9,94.5),(2020,72,'1','72','Hottingen',1,'Verheiratetentarif',93.85,153.15,247.65),(2020,72,'2','72','Hottingen',2,'Einelternfamilientarif',52.4,85,130.5),(2020,73,'0','73','Hirslanden',0,'Grundtarif',20.4,50.1,83.6),(2020,73,'1','73','Hirslanden',1,'Verheiratetentarif',83.4,127.7,214.1),(2020,73,'2','73','Hirslanden',2,'Einelternfamilientarif',46.8,68,114.7),(2020,74,'0','74','Witikon',0,'Grundtarif',20,46.9,74.6),(2020,74,'1','74','Witikon',1,'Verheiratetentarif',76.5,114.85,178.4),(2020,74,'2','74','Witikon',2,'Einelternfamilientarif',40.7,66.3,100.1),(2020,81,'0','81','Seefeld',0,'Grundtarif',33.1,65.1,107.4),(2020,81,'1','81','Seefeld',1,'Verheiratetentarif',91.2,146.85,250),(2020,81,'2','81','Seefeld',2,'Einelternfamilientarif',52.9,83.4,127.9),(2020,82,'0','82','Mühlebach',0,'Grundtarif',26.3,56.625,97.05),(2020,82,'1','82','Mühlebach',1,'Verheiratetentarif',85.8,138.9,226.8),(2020,82,'2','82','Mühlebach',2,'Einelternfamilientarif',36.8,67.95,114.7),(2020,83,'0','83','Weinegg',0,'Grundtarif',17.1,48.8,79.85),(2020,83,'1','83','Weinegg',1,'Verheiratetentarif',81,126.2,207.8),(2020,83,'2','83','Weinegg',2,'Einelternfamilientarif',47.5,73.65,121.4),(2020,91,'0','91','Albisrieden',0,'Grundtarif',23.9,45.7,68.6),(2020,91,'1','91','Albisrieden',1,'Verheiratetentarif',58.2,87,125.5),(2020,91,'2','91','Albisrieden',2,'Einelternfamilientarif',35,56.4,81.1),(2020,92,'0','92','Altstetten',0,'Grundtarif',20.9,43.8,66.7),(2020,92,'1','92','Altstetten',1,'Verheiratetentarif',48.45,72.4,104.2),(2020,92,'2','92','Altstetten',2,'Einelternfamilientarif',22.7,42.5,63.6),(2020,101,'0','101','Höngg',0,'Grundtarif',22.9,47.7,72.8),(2020,101,'1','101','Höngg',1,'Verheiratetentarif',67.4,98.45,150.5),(2020,101,'2','101','Höngg',2,'Einelternfamilientarif',36.9,60.75,90.3),(2020,102,'0','102','Wipkingen',0,'Grundtarif',24.2,48,71.8),(2020,102,'1','102','Wipkingen',1,'Verheiratetentarif',58.6,91.4,138.3),(2020,102,'2','102','Wipkingen',2,'Einelternfamilientarif',35.5,58.4,82.7),(2020,111,'0','111','Affoltern',0,'Grundtarif',18.3,39.1,60),(2020,111,'1','111','Affoltern',1,'Verheiratetentarif',49.8,75.1,105.1),(2020,111,'2','111','Affoltern',2,'Einelternfamilientarif',19.7,41.5,61.5),(2020,115,'0','115','Oerlikon',0,'Grundtarif',21,47.1,73.4),(2020,115,'1','115','Oerlikon',1,'Verheiratetentarif',61.8,99.6,149.4),(2020,115,'2','115','Oerlikon',2,'Einelternfamilientarif',33.35,57.8,87.25),(2020,119,'0','119','Seebach',0,'Grundtarif',18,39.8,61.7),(2020,119,'1','119','Seebach',1,'Verheiratetentarif',46.3,73.4,109.7),(2020,119,'2','119','Seebach',2,'Einelternfamilientarif',21.1,41.85,67.1),(2020,121,'0','121','Saatlen',0,'Grundtarif',12.8,33.4,53.9),(2020,121,'1','121','Saatlen',1,'Verheiratetentarif',44,67.1,95.2),(2020,121,'2','121','Saatlen',2,'Einelternfamilientarif',19.5,39.7,57.3),(2020,122,'0','122','Schwamendingen-Mitte',0,'Grundtarif',17.2,35.4,54.6),(2020,122,'1','122','Schwamendingen-Mitte',1,'Verheiratetentarif',39.9,62.95,89.3),(2020,122,'2','122','Schwamendingen-Mitte',2,'Einelternfamilientarif',14.6,30.9,52.3),(2020,123,'0','123','Hirzenbach',0,'Grundtarif',13.5,33.5,52.3),(2020,123,'1','123','Hirzenbach',1,'Verheiratetentarif',40.6,64.5,88.1),(2020,123,'2','123','Hirzenbach',2,'Einelternfamilientarif',16.7,34.7,51.4),(2021,11,'0','11','Rathaus',0,'Grundtarif',20.8,47.3,81.75),(2021,11,'1','11','Rathaus',1,'Verheiratetentarif',71.95,125.35,199.3),(2021,11,'2','11','Rathaus',2,'Einelternfamilientarif',24.3,59.45,88.9),(2021,12,'0','12','Hochschulen',0,'Grundtarif',12,38.25,76.2),(2021,12,'1','12','Hochschulen',1,'Verheiratetentarif',78.4,129.3,226.1),(2021,12,'2','12','Hochschulen',2,'Einelternfamilientarif',0,0,0),(2021,13,'0','13','Lindenhof',0,'Grundtarif',25.1,59.1,97.2),(2021,13,'1','13','Lindenhof',1,'Verheiratetentarif',73.1,115.4,180.6),(2021,13,'2','13','Lindenhof',2,'Einelternfamilientarif',0,0,0),(2021,14,'0','14','City',0,'Grundtarif',3.35,29.75,66.5),(2021,14,'1','14','City',1,'Verheiratetentarif',55,97.1,163.7),(2021,14,'2','14','City',2,'Einelternfamilientarif',0,0,0),(2021,21,'0','21','Wollishofen',0,'Grundtarif',22.6,46.7,73.3),(2021,21,'1','21','Wollishofen',1,'Verheiratetentarif',61.6,99.6,155),(2021,21,'2','21','Wollishofen',2,'Einelternfamilientarif',31.9,52.95,84),(2021,23,'0','23','Leimbach',0,'Grundtarif',16.5,38.1,59.1),(2021,23,'1','23','Leimbach',1,'Verheiratetentarif',55.9,83,117.6),(2021,23,'2','23','Leimbach',2,'Einelternfamilientarif',23.4,45.2,61.9),(2021,24,'0','24','Enge',0,'Grundtarif',25.8,59.8,100),(2021,24,'1','24','Enge',1,'Verheiratetentarif',80.2,133,228.9),(2021,24,'2','24','Enge',2,'Einelternfamilientarif',46.7,72.15,121.7),(2021,31,'0','31','Alt-Wiedikon',0,'Grundtarif',27.9,52.9,79.9),(2021,31,'1','31','Alt-Wiedikon',1,'Verheiratetentarif',59.8,100,159.9),(2021,31,'2','31','Alt-Wiedikon',2,'Einelternfamilientarif',37.5,62.75,99.2),(2021,33,'0','33','Friesenberg',0,'Grundtarif',12.6,32.8,54.9),(2021,33,'1','33','Friesenberg',1,'Verheiratetentarif',47.4,71.6,105.4),(2021,33,'2','33','Friesenberg',2,'Einelternfamilientarif',27.2,44.95,68.85),(2021,34,'0','34','Sihlfeld',0,'Grundtarif',22.9,46.6,70.2),(2021,34,'1','34','Sihlfeld',1,'Verheiratetentarif',45.75,72.55,112.45),(2021,34,'2','34','Sihlfeld',2,'Einelternfamilientarif',27.75,46.35,70.85),(2021,41,'0','41','Werd',0,'Grundtarif',25.5,53,81.6),(2021,41,'1','41','Werd',1,'Verheiratetentarif',37.9,90,147.2),(2021,41,'2','41','Werd',2,'Einelternfamilientarif',32.7,56.4,102.2),(2021,42,'0','42','Langstrasse',0,'Grundtarif',22.7,49.3,77.5),(2021,42,'1','42','Langstrasse',1,'Verheiratetentarif',46.5,83.4,138.75),(2021,42,'2','42','Langstrasse',2,'Einelternfamilientarif',28.9,54.3,85),(2021,44,'0','44','Hard',0,'Grundtarif',17.6,37.3,60.1),(2021,44,'1','44','Hard',1,'Verheiratetentarif',36.6,59.6,84.7),(2021,44,'2','44','Hard',2,'Einelternfamilientarif',20.2,38.4,58.2),(2021,51,'0','51','Gewerbeschule',0,'Grundtarif',21.9,45.4,70.1),(2021,51,'1','51','Gewerbeschule',1,'Verheiratetentarif',45.7,75,117.9),(2021,51,'2','51','Gewerbeschule',2,'Einelternfamilientarif',31.1,50.6,75),(2021,52,'0','52','Escher Wyss',0,'Grundtarif',36.8,66.5,100),(2021,52,'1','52','Escher Wyss',1,'Verheiratetentarif',94.5,151.6,218.4),(2021,52,'2','52','Escher Wyss',2,'Einelternfamilientarif',52.9,81.2,134.9),(2021,61,'0','61','Unterstrass',0,'Grundtarif',22.4,48,74),(2021,61,'1','61','Unterstrass',1,'Verheiratetentarif',63.4,98.95,154.3),(2021,61,'2','61','Unterstrass',2,'Einelternfamilientarif',37.2,56.9,87.4),(2021,63,'0','63','Oberstrass',0,'Grundtarif',22.4,52.4,85.5),(2021,63,'1','63','Oberstrass',1,'Verheiratetentarif',90,148.9,231.2),(2021,63,'2','63','Oberstrass',2,'Einelternfamilientarif',45.2,73.5,119.9),(2021,71,'0','71','Fluntern',0,'Grundtarif',20,54,94.9),(2021,71,'1','71','Fluntern',1,'Verheiratetentarif',104.8,173.35,279.75),(2021,71,'2','71','Fluntern',2,'Einelternfamilientarif',60.1,98.15,152.05),(2021,72,'0','72','Hottingen',0,'Grundtarif',24.75,57,90.45),(2021,72,'1','72','Hottingen',1,'Verheiratetentarif',89.1,152.1,251.1),(2021,72,'2','72','Hottingen',2,'Einelternfamilientarif',53.5,91.4,139.5),(2021,73,'0','73','Hirslanden',0,'Grundtarif',20.5,50.3,81.9),(2021,73,'1','73','Hirslanden',1,'Verheiratetentarif',83.4,132.1,213.2),(2021,73,'2','73','Hirslanden',2,'Einelternfamilientarif',45.8,71.1,118.5),(2021,74,'0','74','Witikon',0,'Grundtarif',20.3,46.8,73.2),(2021,74,'1','74','Witikon',1,'Verheiratetentarif',76.8,116.5,180.5),(2021,74,'2','74','Witikon',2,'Einelternfamilientarif',43,68.5,99.2),(2021,81,'0','81','Seefeld',0,'Grundtarif',30.5,62.35,101.4),(2021,81,'1','81','Seefeld',1,'Verheiratetentarif',69.45,124.75,217.55),(2021,81,'2','81','Seefeld',2,'Einelternfamilientarif',44.5,73.6,114),(2021,82,'0','82','Mühlebach',0,'Grundtarif',26.5,57.2,95.5),(2021,82,'1','82','Mühlebach',1,'Verheiratetentarif',82.3,137.4,213.7),(2021,82,'2','82','Mühlebach',2,'Einelternfamilientarif',38.3,70,113.1),(2021,83,'0','83','Weinegg',0,'Grundtarif',16.8,47.9,79.7),(2021,83,'1','83','Weinegg',1,'Verheiratetentarif',77.7,125.8,203.8),(2021,83,'2','83','Weinegg',2,'Einelternfamilientarif',46.7,72.1,111.5),(2021,91,'0','91','Albisrieden',0,'Grundtarif',24.2,46.3,68.3),(2021,91,'1','91','Albisrieden',1,'Verheiratetentarif',59.8,87.7,125.7),(2021,91,'2','91','Albisrieden',2,'Einelternfamilientarif',35.6,55.8,81.3),(2021,92,'0','92','Altstetten',0,'Grundtarif',21.2,43.7,66.2),(2021,92,'1','92','Altstetten',1,'Verheiratetentarif',48.25,72.7,104.65),(2021,92,'2','92','Altstetten',2,'Einelternfamilientarif',24.9,45.15,66.8),(2021,101,'0','101','Höngg',0,'Grundtarif',22.4,48.1,73.3),(2021,101,'1','101','Höngg',1,'Verheiratetentarif',66.3,98.6,149.6),(2021,101,'2','101','Höngg',2,'Einelternfamilientarif',37.5,60.2,90.7),(2021,102,'0','102','Wipkingen',0,'Grundtarif',25.2,48.4,72.4),(2021,102,'1','102','Wipkingen',1,'Verheiratetentarif',60.2,91.5,138.7),(2021,102,'2','102','Wipkingen',2,'Einelternfamilientarif',36.9,58.6,80.7),(2021,111,'0','111','Affoltern',0,'Grundtarif',18.6,38.8,59.9),(2021,111,'1','111','Affoltern',1,'Verheiratetentarif',50,76.1,107.2),(2021,111,'2','111','Affoltern',2,'Einelternfamilientarif',21,42.3,62.2),(2021,115,'0','115','Oerlikon',0,'Grundtarif',21,47,72.2),(2021,115,'1','115','Oerlikon',1,'Verheiratetentarif',60,96.3,145.3),(2021,115,'2','115','Oerlikon',2,'Einelternfamilientarif',32.7,60.4,91.5),(2021,119,'0','119','Seebach',0,'Grundtarif',19.3,40.7,61.9),(2021,119,'1','119','Seebach',1,'Verheiratetentarif',46.5,74.4,111.7),(2021,119,'2','119','Seebach',2,'Einelternfamilientarif',23.8,44.8,70.5),(2021,121,'0','121','Saatlen',0,'Grundtarif',12.8,33.9,53.2),(2021,121,'1','121','Saatlen',1,'Verheiratetentarif',43.55,69,96.55),(2021,121,'2','121','Saatlen',2,'Einelternfamilientarif',19.9,39.5,57.5),(2021,122,'0','122','Schwamendingen-Mitte',0,'Grundtarif',17.3,35.4,55),(2021,122,'1','122','Schwamendingen-Mitte',1,'Verheiratetentarif',40.4,63.3,88.9),(2021,122,'2','122','Schwamendingen-Mitte',2,'Einelternfamilientarif',18.2,33.25,53.4),(2021,123,'0','123','Hirzenbach',0,'Grundtarif',14,32.6,52.5),(2021,123,'1','123','Hirzenbach',1,'Verheiratetentarif',40,62.9,88),(2021,123,'2','123','Hirzenbach',2,'Einelternfamilientarif',19.4,35.4,52),(2022,11,'0','11','Rathaus',0,'Grundtarif',20,44.8,75.85),(2022,11,'1','11','Rathaus',1,'Verheiratetentarif',69.2,121.5,190),(2022,11,'2','11','Rathaus',2,'Einelternfamilientarif',30.05,55.7,92.6),(2022,12,'0','12','Hochschulen',0,'Grundtarif',9.95,37.2,74.85),(2022,12,'1','12','Hochschulen',1,'Verheiratetentarif',75.6,136.65,255.2),(2022,12,'2','12','Hochschulen',2,'Einelternfamilientarif',0,0,0),(2022,13,'0','13','Lindenhof',0,'Grundtarif',22.1,50.2,95.2),(2022,13,'1','13','Lindenhof',1,'Verheiratetentarif',62.1,95.4,190.95),(2022,13,'2','13','Lindenhof',2,'Einelternfamilientarif',0,0,0),(2022,14,'0','14','City',0,'Grundtarif',0.8,26.6,68.3),(2022,14,'1','14','City',1,'Verheiratetentarif',46.5,92.3,150.2),(2022,14,'2','14','City',2,'Einelternfamilientarif',0,0,0),(2022,21,'0','21','Wollishofen',0,'Grundtarif',22,46.9,71.9),(2022,21,'1','21','Wollishofen',1,'Verheiratetentarif',63.8,100,153),(2022,21,'2','21','Wollishofen',2,'Einelternfamilientarif',29.65,51.9,83.7),(2022,23,'0','23','Leimbach',0,'Grundtarif',17,38.8,60.4),(2022,23,'1','23','Leimbach',1,'Verheiratetentarif',54.8,82.5,117.2),(2022,23,'2','23','Leimbach',2,'Einelternfamilientarif',21.65,45.65,66.7),(2022,24,'0','24','Enge',0,'Grundtarif',25.4,56.2,93.1),(2022,24,'1','24','Enge',1,'Verheiratetentarif',78.9,130,218.6),(2022,24,'2','24','Enge',2,'Einelternfamilientarif',38.8,65.8,113.05),(2022,31,'0','31','Alt-Wiedikon',0,'Grundtarif',25.9,51.4,78.4),(2022,31,'1','31','Alt-Wiedikon',1,'Verheiratetentarif',58.4,97.6,156.2),(2022,31,'2','31','Alt-Wiedikon',2,'Einelternfamilientarif',36,58.6,94.9),(2022,33,'0','33','Friesenberg',0,'Grundtarif',11.5,32.5,55),(2022,33,'1','33','Friesenberg',1,'Verheiratetentarif',47.8,73.6,107.2),(2022,33,'2','33','Friesenberg',2,'Einelternfamilientarif',25.95,42.5,66.05),(2022,34,'0','34','Sihlfeld',0,'Grundtarif',22.1,45.8,69.3),(2022,34,'1','34','Sihlfeld',1,'Verheiratetentarif',47,73.1,113.4),(2022,34,'2','34','Sihlfeld',2,'Einelternfamilientarif',25.7,44.6,66.3),(2022,41,'0','41','Werd',0,'Grundtarif',25.15,51.4,80.4),(2022,41,'1','41','Werd',1,'Verheiratetentarif',44.9,90,155),(2022,41,'2','41','Werd',2,'Einelternfamilientarif',30.6,50.8,89.1),(2022,42,'0','42','Langstrasse',0,'Grundtarif',21.6,48.3,75.1),(2022,42,'1','42','Langstrasse',1,'Verheiratetentarif',48.4,87.9,136.1),(2022,42,'2','42','Langstrasse',2,'Einelternfamilientarif',27.5,53.3,82.4),(2022,44,'0','44','Hard',0,'Grundtarif',17.4,37.4,60),(2022,44,'1','44','Hard',1,'Verheiratetentarif',38.7,59.9,87.1),(2022,44,'2','44','Hard',2,'Einelternfamilientarif',19.8,38.5,56.5),(2022,51,'0','51','Gewerbeschule',0,'Grundtarif',20.4,44.6,69.7),(2022,51,'1','51','Gewerbeschule',1,'Verheiratetentarif',45.2,75.9,116),(2022,51,'2','51','Gewerbeschule',2,'Einelternfamilientarif',25.6,45.3,70),(2022,52,'0','52','Escher Wyss',0,'Grundtarif',38.25,66.15,99.2),(2022,52,'1','52','Escher Wyss',1,'Verheiratetentarif',91.4,145.4,214.5),(2022,52,'2','52','Escher Wyss',2,'Einelternfamilientarif',45,74.6,111.7),(2022,61,'0','61','Unterstrass',0,'Grundtarif',20.8,47.1,72.4),(2022,61,'1','61','Unterstrass',1,'Verheiratetentarif',64.4,98.4,150),(2022,61,'2','61','Unterstrass',2,'Einelternfamilientarif',34.5,53,85.5),(2022,63,'0','63','Oberstrass',0,'Grundtarif',21.8,51.3,83.8),(2022,63,'1','63','Oberstrass',1,'Verheiratetentarif',91.1,144.6,226.8),(2022,63,'2','63','Oberstrass',2,'Einelternfamilientarif',39.2,67.95,101.3),(2022,71,'0','71','Fluntern',0,'Grundtarif',18.8,55,94.8),(2022,71,'1','71','Fluntern',1,'Verheiratetentarif',102.4,168.7,275.4),(2022,71,'2','71','Fluntern',2,'Einelternfamilientarif',50,90.95,139.85),(2022,72,'0','72','Hottingen',0,'Grundtarif',23.7,55.8,90.9),(2022,72,'1','72','Hottingen',1,'Verheiratetentarif',93.8,150.2,254.275),(2022,72,'2','72','Hottingen',2,'Einelternfamilientarif',50,81.3,134),(2022,73,'0','73','Hirslanden',0,'Grundtarif',21,50.4,82.3),(2022,73,'1','73','Hirslanden',1,'Verheiratetentarif',83.9,128.1,208.7),(2022,73,'2','73','Hirslanden',2,'Einelternfamilientarif',41.5,65,107.5),(2022,74,'0','74','Witikon',0,'Grundtarif',20.7,47.2,74.6),(2022,74,'1','74','Witikon',1,'Verheiratetentarif',77.7,119.5,181.45),(2022,74,'2','74','Witikon',2,'Einelternfamilientarif',33.5,60,91.2),(2022,81,'0','81','Seefeld',0,'Grundtarif',30,60,98.2),(2022,81,'1','81','Seefeld',1,'Verheiratetentarif',72.8,130.05,205.8),(2022,81,'2','81','Seefeld',2,'Einelternfamilientarif',34.95,58.65,99.55),(2022,82,'0','82','Mühlebach',0,'Grundtarif',24.9,54.9,90.2),(2022,82,'1','82','Mühlebach',1,'Verheiratetentarif',77.3,130,208.2),(2022,82,'2','82','Mühlebach',2,'Einelternfamilientarif',35.7,68.95,116.4),(2022,83,'0','83','Weinegg',0,'Grundtarif',15,48.2,78.8),(2022,83,'1','83','Weinegg',1,'Verheiratetentarif',75.6,121.1,194.8),(2022,83,'2','83','Weinegg',2,'Einelternfamilientarif',44.3,67.85,106.4),(2022,91,'0','91','Albisrieden',0,'Grundtarif',23.7,46,68.1),(2022,91,'1','91','Albisrieden',1,'Verheiratetentarif',59.3,88.6,128.3),(2022,91,'2','91','Albisrieden',2,'Einelternfamilientarif',32.2,52.4,78),(2022,92,'0','92','Altstetten',0,'Grundtarif',21,44.2,65.9),(2022,92,'1','92','Altstetten',1,'Verheiratetentarif',50,74.4,105.1),(2022,92,'2','92','Altstetten',2,'Einelternfamilientarif',25,43.4,64.5),(2022,101,'0','101','Höngg',0,'Grundtarif',21.8,48.1,73.5),(2022,101,'1','101','Höngg',1,'Verheiratetentarif',68.2,101.15,149.85),(2022,101,'2','101','Höngg',2,'Einelternfamilientarif',35,56.7,86.7),(2022,102,'0','102','Wipkingen',0,'Grundtarif',24.1,48.1,71.3),(2022,102,'1','102','Wipkingen',1,'Verheiratetentarif',61.7,93.9,138.3),(2022,102,'2','102','Wipkingen',2,'Einelternfamilientarif',34.3,53.8,80),(2022,111,'0','111','Affoltern',0,'Grundtarif',17.6,38.85,59.8),(2022,111,'1','111','Affoltern',1,'Verheiratetentarif',51.5,75.95,106.9),(2022,111,'2','111','Affoltern',2,'Einelternfamilientarif',21.7,40.8,60.8),(2022,115,'0','115','Oerlikon',0,'Grundtarif',20.3,47,71.4),(2022,115,'1','115','Oerlikon',1,'Verheiratetentarif',61.2,98.2,148.6),(2022,115,'2','115','Oerlikon',2,'Einelternfamilientarif',32,57.7,89.4),(2022,119,'0','119','Seebach',0,'Grundtarif',18.5,40.8,62.95),(2022,119,'1','119','Seebach',1,'Verheiratetentarif',46.7,75.1,110.4),(2022,119,'2','119','Seebach',2,'Einelternfamilientarif',22,42.4,66.6),(2022,121,'0','121','Saatlen',0,'Grundtarif',12.3,33,53.1),(2022,121,'1','121','Saatlen',1,'Verheiratetentarif',45,69.2,96.6),(2022,121,'2','121','Saatlen',2,'Einelternfamilientarif',22.8,41.2,59.3),(2022,122,'0','122','Schwamendingen-Mitte',0,'Grundtarif',17.3,36.3,54.7),(2022,122,'1','122','Schwamendingen-Mitte',1,'Verheiratetentarif',40.7,63.7,89.2),(2022,122,'2','122','Schwamendingen-Mitte',2,'Einelternfamilientarif',18.2,34.55,55.3),(2022,123,'0','123','Hirzenbach',0,'Grundtarif',13.4,32.45,52.4),(2022,123,'1','123','Hirzenbach',1,'Verheiratetentarif',42,64.95,91),(2022,123,'2','123','Hirzenbach',2,'Einelternfamilientarif',20,36.25,55);
/*!40000 ALTER TABLE `steuerdaten` ENABLE KEYS */;
UNLOCK TABLES;

--
-- Table structure for table `tbl_freifach`
--

DROP TABLE IF EXISTS `tbl_freifach`;
/*!40101 SET @saved_cs_client     = @@character_set_client */;
/*!40101 SET character_set_client = utf8 */;
CREATE TABLE `tbl_freifach` (
  `ID_Freifach` int(11) NOT NULL,
  `Beschreibung` varchar(50) NOT NULL,
  `Tag` varchar(10) DEFAULT NULL,
  `Zimmer` varchar(10) DEFAULT NULL,
  `FK_FF_LehrerIn` int(11) DEFAULT NULL,
  PRIMARY KEY (`ID_Freifach`),
  KEY `fk_freifach_lehrer` (`FK_FF_LehrerIn`),
  CONSTRAINT `fk_freifach_lehrer` FOREIGN KEY (`FK_FF_LehrerIn`) REFERENCES `tbl_lehrerin` (`ID_Lehrer`),
  CONSTRAINT `tbl_freifach_ibfk_1` FOREIGN KEY (`FK_FF_LehrerIn`) REFERENCES `tbl_lehrerin` (`ID_Lehrer`)
) ENGINE=InnoDB DEFAULT CHARSET=utf8 COLLATE=utf8_general_ci;
/*!40101 SET character_set_client = @saved_cs_client */;

--
-- Dumping data for table `tbl_freifach`
--

LOCK TABLES `tbl_freifach` WRITE;
/*!40000 ALTER TABLE `tbl_freifach` DISABLE KEYS */;
INSERT INTO `tbl_freifach` VALUES (1,'Tanz','Mo','112',1),(2,'Chor','Mi','Aula',2),(3,'Elektronik','Di','110',2),(4,'Tanz','Mo','112',2),(5,'Chor','Mi','Aula',2),(6,'Tanz','Mo','112',3),(7,'Elektronik','Di','110',2),(8,'Chor','Mi','Aula',3),(9,'Elektronik','Di','110',4),(10,'Elektronik','Di','110',4);
/*!40000 ALTER TABLE `tbl_freifach` ENABLE KEYS */;
UNLOCK TABLES;

--
-- Table structure for table `tbl_klasse`
--

DROP TABLE IF EXISTS `tbl_klasse`;
/*!40101 SET @saved_cs_client     = @@character_set_client */;
/*!40101 SET character_set_client = utf8 */;
CREATE TABLE `tbl_klasse` (
  `Klasse` varchar(5) NOT NULL,
  `Klassenlehrer` varchar(100) NOT NULL,
  PRIMARY KEY (`Klasse`)
) ENGINE=InnoDB DEFAULT CHARSET=utf8 COLLATE=utf8_general_ci;
/*!40101 SET character_set_client = @saved_cs_client */;

--
-- Dumping data for table `tbl_klasse`
--

LOCK TABLES `tbl_klasse` WRITE;
/*!40000 ALTER TABLE `tbl_klasse` DISABLE KEYS */;
INSERT INTO `tbl_klasse` VALUES ('11a','Lempel Theo'),('11b','Sommer Inge'),('12a','Breier Guido'),('12c','Klausen Franz');
/*!40000 ALTER TABLE `tbl_klasse` ENABLE KEYS */;
UNLOCK TABLES;

--
-- Table structure for table `tbl_lehrerin`
--

DROP TABLE IF EXISTS `tbl_lehrerin`;
/*!40101 SET @saved_cs_client     = @@character_set_client */;
/*!40101 SET character_set_client = utf8 */;
CREATE TABLE `tbl_lehrerin` (
  `ID_Lehrer` int(11) NOT NULL,
  `Vorname` varchar(50) NOT NULL,
  `Nachname` varchar(50) NOT NULL,
  `Geburtsdatum` date DEFAULT NULL,
  PRIMARY KEY (`ID_Lehrer`)
) ENGINE=InnoDB DEFAULT CHARSET=utf8 COLLATE=utf8_general_ci;
/*!40101 SET character_set_client = @saved_cs_client */;

--
-- Dumping data for table `tbl_lehrerin`
--

LOCK TABLES `tbl_lehrerin` WRITE;
/*!40000 ALTER TABLE `tbl_lehrerin` DISABLE KEYS */;
INSERT INTO `tbl_lehrerin` VALUES (1,'Theo','Lempel ','1984-05-12'),(2,'Guido','Breier ','1987-06-21'),(3,'Inge','Sommer ','1978-11-14'),(4,'Franz','Klausen ','1977-02-10'),(5,'Horst','Klee ','1984-05-11'),(6,'Donald','Trampel ','1979-10-02'),(7,'Sonja','Rohner ',NULL);
/*!40000 ALTER TABLE `tbl_lehrerin` ENABLE KEYS */;
UNLOCK TABLES;

--
-- Table structure for table `tbl_schülerin`
--

DROP TABLE IF EXISTS `tbl_schülerin`;
/*!40101 SET @saved_cs_client     = @@character_set_client */;
/*!40101 SET character_set_client = utf8 */;
CREATE TABLE `tbl_schülerin` (
  `SchülerNr` int(11) NOT NULL,
  `Vorname` varchar(50) NOT NULL,
  `Nachname` varchar(50) NOT NULL,
  `Geb_Datum` date DEFAULT NULL,
  `FK_Klasse` varchar(5) NOT NULL,
  PRIMARY KEY (`SchülerNr`),
  KEY `FK_Klasse` (`FK_Klasse`),
  CONSTRAINT `tbl_schülerin_ibfk_1` FOREIGN KEY (`FK_Klasse`) REFERENCES `tbl_klasse` (`Klasse`)
) ENGINE=InnoDB DEFAULT CHARSET=utf8 COLLATE=utf8_general_ci;
/*!40101 SET character_set_client = @saved_cs_client */;

--
-- Dumping data for table `tbl_schülerin`
--

LOCK TABLES `tbl_schülerin` WRITE;
/*!40000 ALTER TABLE `tbl_schülerin` DISABLE KEYS */;
INSERT INTO `tbl_schülerin` VALUES (1,'Ulla','Jürgens ','2003-05-12','11a'),(2,'Harry','Schmidt ','2002-06-21','12a'),(3,'Sepp','Jäger ','2003-11-14','11a'),(4,'Evan','Olsen ','2004-02-10','11b'),(5,'Tom','Jürgens ','2002-05-11','12a'),(6,'Justus','Hasler ','2003-10-02','11b'),(8,'Igor','Kustov ','2004-12-11','12c'),(11,'Cedric','Kast ','2004-01-30','12c');
/*!40000 ALTER TABLE `tbl_schülerin` ENABLE KEYS */;
UNLOCK TABLES;

--
-- Table structure for table `tbl_teilnahme`
--

DROP TABLE IF EXISTS `tbl_teilnahme`;
/*!40101 SET @saved_cs_client     = @@character_set_client */;
/*!40101 SET character_set_client = utf8 */;
CREATE TABLE `tbl_teilnahme` (
  `FK_Freifach` int(11) NOT NULL,
  `FK_Schüler` int(11) NOT NULL,
  PRIMARY KEY (`FK_Freifach`,`FK_Schüler`),
  KEY `FK_Schüler` (`FK_Schüler`),
  CONSTRAINT `tbl_teilnahme_ibfk_1` FOREIGN KEY (`FK_Freifach`) REFERENCES `tbl_freifach` (`ID_Freifach`),
  CONSTRAINT `tbl_teilnahme_ibfk_2` FOREIGN KEY (`FK_Schüler`) REFERENCES `tbl_schülerin` (`SchülerNr`)
) ENGINE=InnoDB DEFAULT CHARSET=utf8 COLLATE=utf8_general_ci;
/*!40101 SET character_set_client = @saved_cs_client */;

--
-- Dumping data for table `tbl_teilnahme`
--

LOCK TABLES `tbl_teilnahme` WRITE;
/*!40000 ALTER TABLE `tbl_teilnahme` DISABLE KEYS */;
INSERT INTO `tbl_teilnahme` VALUES (1,3),(1,5),(1,8),(1,11),(2,1),(2,3),(2,4),(3,2),(3,3),(3,6),(4,6),(4,8),(4,11);
/*!40000 ALTER TABLE `tbl_teilnahme` ENABLE KEYS */;
UNLOCK TABLES;
/*!40103 SET TIME_ZONE=@OLD_TIME_ZONE */;

/*!40101 SET SQL_MODE=@OLD_SQL_MODE */;
/*!40014 SET FOREIGN_KEY_CHECKS=@OLD_FOREIGN_KEY_CHECKS */;
/*!40014 SET UNIQUE_CHECKS=@OLD_UNIQUE_CHECKS */;
/*!40101 SET CHARACTER_SET_CLIENT=@OLD_CHARACTER_SET_CLIENT */;
/*!40101 SET CHARACTER_SET_RESULTS=@OLD_CHARACTER_SET_RESULTS */;
/*!40101 SET COLLATION_CONNECTION=@OLD_COLLATION_CONNECTION */;
/*!40111 SET SQL_NOTES=@OLD_SQL_NOTES */;

-- Dump completed on 2025-04-14 22:03:27
